BEEID,CONDITION,CNUM,CHOICE
1,CONTROL,1,1
1,CONTROL,2,1
1,CONTROL,3,0
1,CONTROL,4,1
1,CONTROL,5,0
1,CONTROL,6,0
1,CONTROL,7,0
1,CONTROL,8,1
1,CONTROL,9,1
1,CONTROL,10,0
1,CONTROL,11,0
1,CONTROL,12,1
1,CONTROL,13,0
1,CONTROL,14,0
1,CONTROL,15,1
1,CONTROL,16,1
1,CONTROL,17,1
1,CONTROL,18,1
1,CONTROL,19,1
1,CONTROL,20,1
1,CONTROL,21,0
1,CONTROL,22,1
1,CONTROL,23,1
1,CONTROL,24,0
1,CONTROL,25,0
1,CONTROL,26,0
1,CONTROL,27,0
1,CONTROL,28,1
1,CONTROL,29,1
1,CONTROL,30,1
1,CONTROL,31,0
1,CONTROL,32,0
1,CONTROL,33,1
1,CONTROL,34,1
1,CONTROL,35,0
1,CONTROL,36,0
1,CONTROL,37,1
1,CONTROL,38,1
1,CONTROL,39,1
1,CONTROL,40,0
1,CONTROL,41,1
1,CONTROL,42,1
1,CONTROL,43,0
1,CONTROL,44,1
1,CONTROL,45,1
1,CONTROL,46,0
1,CONTROL,47,0
1,CONTROL,48,1
1,CONTROL,49,1
1,CONTROL,50,0
1,CONTROL,51,1
1,CONTROL,52,0
1,CONTROL,53,1
1,CONTROL,54,1
1,CONTROL,55,1
1,CONTROL,56,1
1,CONTROL,57,0
1,CONTROL,58,1
1,CONTROL,59,1
1,CONTROL,60,1
2,CONTROL,1,1
2,CONTROL,2,0
2,CONTROL,3,0
2,CONTROL,4,0
2,CONTROL,5,1
2,CONTROL,6,0
2,CONTROL,7,1
2,CONTROL,8,0
2,CONTROL,9,0
2,CONTROL,10,1
2,CONTROL,11,1
2,CONTROL,12,1
2,CONTROL,13,1
2,CONTROL,14,1
2,CONTROL,15,1
2,CONTROL,16,1
2,CONTROL,17,0
2,CONTROL,18,0
2,CONTROL,19,0
2,CONTROL,20,1
2,CONTROL,21,1
2,CONTROL,22,1
2,CONTROL,23,1
2,CONTROL,24,1
2,CONTROL,25,1
2,CONTROL,26,0
2,CONTROL,27,1
2,CONTROL,28,1
2,CONTROL,29,1
2,CONTROL,30,0
2,CONTROL,31,0
2,CONTROL,32,0
2,CONTROL,33,1
2,CONTROL,34,1
2,CONTROL,35,1
2,CONTROL,36,1
2,CONTROL,37,1
2,CONTROL,38,1
2,CONTROL,39,1
2,CONTROL,40,1
2,CONTROL,41,1
2,CONTROL,42,0
2,CONTROL,43,1
2,CONTROL,44,0
2,CONTROL,45,1
2,CONTROL,46,1
2,CONTROL,47,0
2,CONTROL,48,1
2,CONTROL,49,1
2,CONTROL,50,1
2,CONTROL,51,1
2,CONTROL,52,1
2,CONTROL,53,1
2,CONTROL,54,0
2,CONTROL,55,0
2,CONTROL,56,1
2,CONTROL,57,0
2,CONTROL,58,1
2,CONTROL,59,0
2,CONTROL,60,1
3,CONTROL,1,1
3,CONTROL,2,0
3,CONTROL,3,1
3,CONTROL,4,0
3,CONTROL,5,1
3,CONTROL,6,1
3,CONTROL,7,0
3,CONTROL,8,1
3,CONTROL,9,1
3,CONTROL,10,0
3,CONTROL,11,0
3,CONTROL,12,0
3,CONTROL,13,1
3,CONTROL,14,0
3,CONTROL,15,0
3,CONTROL,16,0
3,CONTROL,17,1
3,CONTROL,18,1
3,CONTROL,19,0
3,CONTROL,20,0
3,CONTROL,21,1
3,CONTROL,22,1
3,CONTROL,23,0
3,CONTROL,24,0
3,CONTROL,25,1
3,CONTROL,26,0
3,CONTROL,27,0
3,CONTROL,28,1
3,CONTROL,29,1
3,CONTROL,30,0
3,CONTROL,31,1
3,CONTROL,32,1
3,CONTROL,33,0
3,CONTROL,34,0
3,CONTROL,35,1
3,CONTROL,36,0
3,CONTROL,37,1
3,CONTROL,38,1
3,CONTROL,39,0
3,CONTROL,40,0
3,CONTROL,41,0
3,CONTROL,42,1
3,CONTROL,43,0
3,CONTROL,44,1
3,CONTROL,45,1
3,CONTROL,46,0
3,CONTROL,47,1
3,CONTROL,48,0
3,CONTROL,49,0
3,CONTROL,50,1
3,CONTROL,51,1
3,CONTROL,52,0
3,CONTROL,53,1
3,CONTROL,54,1
3,CONTROL,55,1
3,CONTROL,56,1
3,CONTROL,57,1
3,CONTROL,58,1
3,CONTROL,59,1
3,CONTROL,60,1
4,CONTROL,1,1
4,CONTROL,2,1
4,CONTROL,3,0
4,CONTROL,4,1
4,CONTROL,5,0
4,CONTROL,6,1
4,CONTROL,7,0
4,CONTROL,8,0
4,CONTROL,9,0
4,CONTROL,10,0
4,CONTROL,11,0
4,CONTROL,12,0
4,CONTROL,13,1
4,CONTROL,14,0
4,CONTROL,15,0
4,CONTROL,16,1
4,CONTROL,17,1
4,CONTROL,18,0
4,CONTROL,19,0
4,CONTROL,20,0
4,CONTROL,21,1
4,CONTROL,22,0
4,CONTROL,23,1
4,CONTROL,24,0
4,CONTROL,25,0
4,CONTROL,26,1
4,CONTROL,27,0
4,CONTROL,28,1
4,CONTROL,29,1
4,CONTROL,30,1
4,CONTROL,31,0
4,CONTROL,32,1
4,CONTROL,33,1
4,CONTROL,34,1
4,CONTROL,35,1
4,CONTROL,36,0
4,CONTROL,37,1
4,CONTROL,38,1
4,CONTROL,39,0
4,CONTROL,40,1
4,CONTROL,41,1
4,CONTROL,42,0
4,CONTROL,43,0
4,CONTROL,44,1
4,CONTROL,45,1
4,CONTROL,46,0
4,CONTROL,47,1
4,CONTROL,48,0
4,CONTROL,49,1
4,CONTROL,50,0
4,CONTROL,51,1
4,CONTROL,52,1
4,CONTROL,53,1
4,CONTROL,54,0
4,CONTROL,55,1
4,CONTROL,56,1
4,CONTROL,57,0
4,CONTROL,58,1
4,CONTROL,59,1
4,CONTROL,60,0
5,CONTROL,1,1
5,CONTROL,2,0
5,CONTROL,3,1
5,CONTROL,4,0
5,CONTROL,5,1
5,CONTROL,6,0
5,CONTROL,7,1
5,CONTROL,8,0
5,CONTROL,9,0
5,CONTROL,10,1
5,CONTROL,11,1
5,CONTROL,12,1
5,CONTROL,13,1
5,CONTROL,14,0
5,CONTROL,15,0
5,CONTROL,16,1
5,CONTROL,17,0
5,CONTROL,18,1
5,CONTROL,19,0
5,CONTROL,20,1
5,CONTROL,21,0
5,CONTROL,22,0
5,CONTROL,23,1
5,CONTROL,24,1
5,CONTROL,25,0
5,CONTROL,26,0
5,CONTROL,27,1
5,CONTROL,28,1
5,CONTROL,29,0
5,CONTROL,30,1
5,CONTROL,31,1
5,CONTROL,32,1
5,CONTROL,33,0
5,CONTROL,34,0
5,CONTROL,35,1
5,CONTROL,36,0
5,CONTROL,37,0
5,CONTROL,38,0
5,CONTROL,39,1
5,CONTROL,40,1
5,CONTROL,41,1
5,CONTROL,42,1
5,CONTROL,43,1
5,CONTROL,44,0
5,CONTROL,45,1
5,CONTROL,46,1
5,CONTROL,47,1
5,CONTROL,48,0
5,CONTROL,49,1
5,CONTROL,50,0
5,CONTROL,51,0
5,CONTROL,52,0
5,CONTROL,53,1
5,CONTROL,54,1
5,CONTROL,55,1
5,CONTROL,56,1
5,CONTROL,57,1
5,CONTROL,58,1
5,CONTROL,59,1
5,CONTROL,60,0
6,CONTROL,1,1
6,CONTROL,2,0
6,CONTROL,3,1
6,CONTROL,4,0
6,CONTROL,5,1
6,CONTROL,6,0
6,CONTROL,7,1
6,CONTROL,8,0
6,CONTROL,9,0
6,CONTROL,10,1
6,CONTROL,11,1
6,CONTROL,12,0
6,CONTROL,13,1
6,CONTROL,14,1
6,CONTROL,15,0
6,CONTROL,16,0
6,CONTROL,17,1
6,CONTROL,18,0
6,CONTROL,19,1
6,CONTROL,20,1
6,CONTROL,21,0
6,CONTROL,22,1
6,CONTROL,23,0
6,CONTROL,24,1
6,CONTROL,25,1
6,CONTROL,26,0
6,CONTROL,27,0
6,CONTROL,28,1
6,CONTROL,29,0
6,CONTROL,30,1
6,CONTROL,31,0
6,CONTROL,32,1
6,CONTROL,33,1
6,CONTROL,34,1
6,CONTROL,35,1
6,CONTROL,36,1
6,CONTROL,37,1
6,CONTROL,38,0
6,CONTROL,39,1
6,CONTROL,40,1
6,CONTROL,41,1
6,CONTROL,42,1
6,CONTROL,43,1
6,CONTROL,44,0
6,CONTROL,45,1
6,CONTROL,46,1
6,CONTROL,47,1
6,CONTROL,48,0
6,CONTROL,49,1
6,CONTROL,50,0
6,CONTROL,51,0
6,CONTROL,52,0
6,CONTROL,53,1
6,CONTROL,54,1
6,CONTROL,55,0
6,CONTROL,56,1
6,CONTROL,57,0
6,CONTROL,58,1
6,CONTROL,59,1
6,CONTROL,60,1
7,CONTROL,1,1
7,CONTROL,2,1
7,CONTROL,3,1
7,CONTROL,4,1
7,CONTROL,5,0
7,CONTROL,6,1
7,CONTROL,7,0
7,CONTROL,8,1
7,CONTROL,9,0
7,CONTROL,10,1
7,CONTROL,11,1
7,CONTROL,12,0
7,CONTROL,13,1
7,CONTROL,14,1
7,CONTROL,15,1
7,CONTROL,16,1
7,CONTROL,17,0
7,CONTROL,18,0
7,CONTROL,19,1
7,CONTROL,20,0
7,CONTROL,21,1
7,CONTROL,22,0
7,CONTROL,23,1
7,CONTROL,24,0
7,CONTROL,25,1
7,CONTROL,26,0
7,CONTROL,27,0
7,CONTROL,28,0
7,CONTROL,29,0
7,CONTROL,30,1
7,CONTROL,31,0
7,CONTROL,32,0
7,CONTROL,33,0
7,CONTROL,34,1
7,CONTROL,35,1
7,CONTROL,36,0
7,CONTROL,37,1
7,CONTROL,38,0
7,CONTROL,39,1
7,CONTROL,40,0
7,CONTROL,41,1
7,CONTROL,42,0
7,CONTROL,43,1
7,CONTROL,44,0
7,CONTROL,45,1
7,CONTROL,46,1
7,CONTROL,47,0
7,CONTROL,48,0
7,CONTROL,49,1
7,CONTROL,50,0
7,CONTROL,51,1
7,CONTROL,52,0
7,CONTROL,53,1
7,CONTROL,54,0
7,CONTROL,55,1
7,CONTROL,56,1
7,CONTROL,57,0
7,CONTROL,58,1
7,CONTROL,59,0
7,CONTROL,60,1
8,CONTROL,1,1
8,CONTROL,2,1
8,CONTROL,3,0
8,CONTROL,4,1
8,CONTROL,5,0
8,CONTROL,6,0
8,CONTROL,7,1
8,CONTROL,8,1
8,CONTROL,9,0
8,CONTROL,10,1
8,CONTROL,11,0
8,CONTROL,12,0
8,CONTROL,13,1
8,CONTROL,14,0
8,CONTROL,15,1
8,CONTROL,16,1
8,CONTROL,17,0
8,CONTROL,18,1
8,CONTROL,19,0
8,CONTROL,20,0
8,CONTROL,21,0
8,CONTROL,22,1
8,CONTROL,23,1
8,CONTROL,24,1
8,CONTROL,25,1
8,CONTROL,26,0
8,CONTROL,27,1
8,CONTROL,28,0
8,CONTROL,29,0
8,CONTROL,30,0
8,CONTROL,31,0
8,CONTROL,32,1
8,CONTROL,33,0
8,CONTROL,34,1
8,CONTROL,35,1
8,CONTROL,36,1
8,CONTROL,37,0
8,CONTROL,38,0
8,CONTROL,39,0
8,CONTROL,40,0
8,CONTROL,41,1
8,CONTROL,42,0
8,CONTROL,43,1
8,CONTROL,44,1
8,CONTROL,45,0
8,CONTROL,46,1
8,CONTROL,47,0
8,CONTROL,48,1
8,CONTROL,49,0
8,CONTROL,50,1
8,CONTROL,51,0
8,CONTROL,52,0
8,CONTROL,53,0
8,CONTROL,54,1
8,CONTROL,55,1
8,CONTROL,56,1
8,CONTROL,57,1
8,CONTROL,58,1
8,CONTROL,59,1
8,CONTROL,60,1
9,CONTROL,1,1
9,CONTROL,2,0
9,CONTROL,3,0
9,CONTROL,4,1
9,CONTROL,5,0
9,CONTROL,6,0
9,CONTROL,7,0
9,CONTROL,8,1
9,CONTROL,9,0
9,CONTROL,10,1
9,CONTROL,11,1
9,CONTROL,12,1
9,CONTROL,13,0
9,CONTROL,14,0
9,CONTROL,15,0
9,CONTROL,16,0
9,CONTROL,17,1
9,CONTROL,18,1
9,CONTROL,19,0
9,CONTROL,20,0
9,CONTROL,21,0
9,CONTROL,22,0
9,CONTROL,23,1
9,CONTROL,24,1
9,CONTROL,25,1
9,CONTROL,26,1
9,CONTROL,27,1
9,CONTROL,28,0
9,CONTROL,29,0
9,CONTROL,30,1
9,CONTROL,31,0
9,CONTROL,32,1
9,CONTROL,33,1
9,CONTROL,34,1
9,CONTROL,35,0
9,CONTROL,36,0
9,CONTROL,37,1
9,CONTROL,38,0
9,CONTROL,39,0
9,CONTROL,40,1
9,CONTROL,41,1
9,CONTROL,42,1
9,CONTROL,43,1
9,CONTROL,44,1
9,CONTROL,45,1
9,CONTROL,46,1
9,CONTROL,47,1
9,CONTROL,48,1
9,CONTROL,49,1
9,CONTROL,50,1
9,CONTROL,51,1
9,CONTROL,52,1
9,CONTROL,53,1
9,CONTROL,54,1
9,CONTROL,55,1
9,CONTROL,56,1
9,CONTROL,57,0
9,CONTROL,58,1
9,CONTROL,59,1
9,CONTROL,60,1
10,CONTROL,1,0
10,CONTROL,2,1
10,CONTROL,3,0
10,CONTROL,4,0
10,CONTROL,5,1
10,CONTROL,6,0
10,CONTROL,7,0
10,CONTROL,8,1
10,CONTROL,9,0
10,CONTROL,10,0
10,CONTROL,11,0
10,CONTROL,12,1
10,CONTROL,13,1
10,CONTROL,14,0
10,CONTROL,15,1
10,CONTROL,16,0
10,CONTROL,17,1
10,CONTROL,18,0
10,CONTROL,19,0
10,CONTROL,20,1
10,CONTROL,21,1
10,CONTROL,22,0
10,CONTROL,23,1
10,CONTROL,24,1
10,CONTROL,25,0
10,CONTROL,26,1
10,CONTROL,27,1
10,CONTROL,28,1
10,CONTROL,29,0
10,CONTROL,30,0
10,CONTROL,31,1
10,CONTROL,32,1
10,CONTROL,33,0
10,CONTROL,34,1
10,CONTROL,35,0
10,CONTROL,36,1
10,CONTROL,37,0
10,CONTROL,38,1
10,CONTROL,39,1
10,CONTROL,40,1
10,CONTROL,41,0
10,CONTROL,42,1
10,CONTROL,43,1
10,CONTROL,44,1
10,CONTROL,45,1
10,CONTROL,46,1
10,CONTROL,47,1
10,CONTROL,48,1
10,CONTROL,49,1
10,CONTROL,50,1
10,CONTROL,51,1
10,CONTROL,52,1
10,CONTROL,53,1
10,CONTROL,54,1
10,CONTROL,55,0
10,CONTROL,56,1
10,CONTROL,57,1
10,CONTROL,58,1
10,CONTROL,59,1
10,CONTROL,60,1
11,CONTROL,1,1
11,CONTROL,2,1
11,CONTROL,3,1
11,CONTROL,4,1
11,CONTROL,5,1
11,CONTROL,6,0
11,CONTROL,7,1
11,CONTROL,8,1
11,CONTROL,9,1
11,CONTROL,10,0
11,CONTROL,11,0
11,CONTROL,12,1
11,CONTROL,13,0
11,CONTROL,14,0
11,CONTROL,15,0
11,CONTROL,16,1
11,CONTROL,17,0
11,CONTROL,18,1
11,CONTROL,19,0
11,CONTROL,20,0
11,CONTROL,21,1
11,CONTROL,22,1
11,CONTROL,23,0
11,CONTROL,24,1
11,CONTROL,25,0
11,CONTROL,26,0
11,CONTROL,27,0
11,CONTROL,28,1
11,CONTROL,29,0
11,CONTROL,30,1
11,CONTROL,31,1
11,CONTROL,32,0
11,CONTROL,33,1
11,CONTROL,34,0
11,CONTROL,35,0
11,CONTROL,36,1
11,CONTROL,37,0
11,CONTROL,38,0
11,CONTROL,39,1
11,CONTROL,40,1
11,CONTROL,41,1
11,CONTROL,42,1
11,CONTROL,43,0
11,CONTROL,44,1
11,CONTROL,45,0
11,CONTROL,46,1
11,CONTROL,47,1
11,CONTROL,48,0
11,CONTROL,49,0
11,CONTROL,50,1
11,CONTROL,51,0
11,CONTROL,52,1
11,CONTROL,53,1
11,CONTROL,54,1
11,CONTROL,55,0
11,CONTROL,56,0
11,CONTROL,57,1
11,CONTROL,58,0
11,CONTROL,59,1
11,CONTROL,60,1
12,CONTROL,1,0
12,CONTROL,2,1
12,CONTROL,3,1
12,CONTROL,4,0
12,CONTROL,5,1
12,CONTROL,6,0
12,CONTROL,7,1
12,CONTROL,8,0
12,CONTROL,9,1
12,CONTROL,10,0
12,CONTROL,11,0
12,CONTROL,12,1
12,CONTROL,13,1
12,CONTROL,14,1
12,CONTROL,15,1
12,CONTROL,16,1
12,CONTROL,17,0
12,CONTROL,18,1
12,CONTROL,19,1
12,CONTROL,20,1
12,CONTROL,21,1
12,CONTROL,22,1
12,CONTROL,23,0
12,CONTROL,24,0
12,CONTROL,25,1
12,CONTROL,26,0
12,CONTROL,27,1
12,CONTROL,28,0
12,CONTROL,29,1
12,CONTROL,30,1
12,CONTROL,31,1
12,CONTROL,32,0
12,CONTROL,33,1
12,CONTROL,34,1
12,CONTROL,35,1
12,CONTROL,36,1
12,CONTROL,37,1
12,CONTROL,38,0
12,CONTROL,39,1
12,CONTROL,40,0
12,CONTROL,41,1
12,CONTROL,42,1
12,CONTROL,43,1
12,CONTROL,44,1
12,CONTROL,45,1
12,CONTROL,46,0
12,CONTROL,47,1
12,CONTROL,48,0
12,CONTROL,49,1
12,CONTROL,50,1
12,CONTROL,51,0
12,CONTROL,52,1
12,CONTROL,53,1
12,CONTROL,54,0
12,CONTROL,55,1
12,CONTROL,56,1
12,CONTROL,57,1
12,CONTROL,58,0
12,CONTROL,59,1
12,CONTROL,60,0
13,CONTROL,1,1
13,CONTROL,2,1
13,CONTROL,3,1
13,CONTROL,4,0
13,CONTROL,5,1
13,CONTROL,6,0
13,CONTROL,7,0
13,CONTROL,8,1
13,CONTROL,9,0
13,CONTROL,10,0
13,CONTROL,11,0
13,CONTROL,12,0
13,CONTROL,13,0
13,CONTROL,14,1
13,CONTROL,15,1
13,CONTROL,16,1
13,CONTROL,17,1
13,CONTROL,18,0
13,CONTROL,19,0
13,CONTROL,20,1
13,CONTROL,21,1
13,CONTROL,22,1
13,CONTROL,23,0
13,CONTROL,24,0
13,CONTROL,25,0
13,CONTROL,26,0
13,CONTROL,27,0
13,CONTROL,28,0
13,CONTROL,29,0
13,CONTROL,30,0
13,CONTROL,31,1
13,CONTROL,32,0
13,CONTROL,33,1
13,CONTROL,34,0
13,CONTROL,35,1
13,CONTROL,36,0
13,CONTROL,37,1
13,CONTROL,38,0
13,CONTROL,39,1
13,CONTROL,40,1
13,CONTROL,41,0
13,CONTROL,42,1
13,CONTROL,43,1
13,CONTROL,44,0
13,CONTROL,45,1
13,CONTROL,46,1
13,CONTROL,47,0
13,CONTROL,48,1
13,CONTROL,49,0
13,CONTROL,50,1
13,CONTROL,51,1
13,CONTROL,52,1
13,CONTROL,53,1
13,CONTROL,54,1
13,CONTROL,55,0
13,CONTROL,56,1
13,CONTROL,57,1
13,CONTROL,58,1
13,CONTROL,59,1
13,CONTROL,60,0
14,CONTROL,1,0
14,CONTROL,2,0
14,CONTROL,3,0
14,CONTROL,4,0
14,CONTROL,5,0
14,CONTROL,6,1
14,CONTROL,7,0
14,CONTROL,8,0
14,CONTROL,9,0
14,CONTROL,10,0
14,CONTROL,11,1
14,CONTROL,12,1
14,CONTROL,13,0
14,CONTROL,14,1
14,CONTROL,15,0
14,CONTROL,16,1
14,CONTROL,17,0
14,CONTROL,18,1
14,CONTROL,19,1
14,CONTROL,20,1
14,CONTROL,21,1
14,CONTROL,22,1
14,CONTROL,23,1
14,CONTROL,24,1
14,CONTROL,25,1
14,CONTROL,26,1
14,CONTROL,27,1
14,CONTROL,28,1
14,CONTROL,29,1
14,CONTROL,30,0
14,CONTROL,31,0
14,CONTROL,32,1
14,CONTROL,33,1
14,CONTROL,34,0
14,CONTROL,35,1
14,CONTROL,36,1
14,CONTROL,37,1
14,CONTROL,38,0
14,CONTROL,39,0
14,CONTROL,40,1
14,CONTROL,41,0
14,CONTROL,42,1
14,CONTROL,43,1
14,CONTROL,44,1
14,CONTROL,45,0
14,CONTROL,46,0
14,CONTROL,47,1
14,CONTROL,48,1
14,CONTROL,49,1
14,CONTROL,50,1
14,CONTROL,51,1
14,CONTROL,52,1
14,CONTROL,53,0
14,CONTROL,54,0
14,CONTROL,55,1
14,CONTROL,56,0
14,CONTROL,57,1
14,CONTROL,58,1
14,CONTROL,59,1
14,CONTROL,60,1
15,SPEAKER_DISCRETE,1,1
15,SPEAKER_DISCRETE,2,0
15,SPEAKER_DISCRETE,3,0
15,SPEAKER_DISCRETE,4,1
15,SPEAKER_DISCRETE,5,0
15,SPEAKER_DISCRETE,6,0
15,SPEAKER_DISCRETE,7,1
15,SPEAKER_DISCRETE,8,0
15,SPEAKER_DISCRETE,9,1
15,SPEAKER_DISCRETE,10,0
15,SPEAKER_DISCRETE,11,1
15,SPEAKER_DISCRETE,12,1
15,SPEAKER_DISCRETE,13,0
15,SPEAKER_DISCRETE,14,1
15,SPEAKER_DISCRETE,15,0
15,SPEAKER_DISCRETE,16,1
15,SPEAKER_DISCRETE,17,1
15,SPEAKER_DISCRETE,18,1
15,SPEAKER_DISCRETE,19,0
15,SPEAKER_DISCRETE,20,1
15,SPEAKER_DISCRETE,21,1
15,SPEAKER_DISCRETE,22,0
15,SPEAKER_DISCRETE,23,0
15,SPEAKER_DISCRETE,24,0
15,SPEAKER_DISCRETE,25,1
15,SPEAKER_DISCRETE,26,1
15,SPEAKER_DISCRETE,27,0
15,SPEAKER_DISCRETE,28,0
15,SPEAKER_DISCRETE,29,1
15,SPEAKER_DISCRETE,30,1
15,SPEAKER_DISCRETE,31,0
15,SPEAKER_DISCRETE,32,0
15,SPEAKER_DISCRETE,33,1
15,SPEAKER_DISCRETE,34,0
15,SPEAKER_DISCRETE,35,0
15,SPEAKER_DISCRETE,36,1
15,SPEAKER_DISCRETE,37,1
15,SPEAKER_DISCRETE,38,0
15,SPEAKER_DISCRETE,39,1
15,SPEAKER_DISCRETE,40,1
15,SPEAKER_DISCRETE,41,0
15,SPEAKER_DISCRETE,42,0
15,SPEAKER_DISCRETE,43,1
15,SPEAKER_DISCRETE,44,0
15,SPEAKER_DISCRETE,45,1
15,SPEAKER_DISCRETE,46,0
15,SPEAKER_DISCRETE,47,0
15,SPEAKER_DISCRETE,48,1
15,SPEAKER_DISCRETE,49,0
15,SPEAKER_DISCRETE,50,1
15,SPEAKER_DISCRETE,51,0
15,SPEAKER_DISCRETE,52,1
15,SPEAKER_DISCRETE,53,1
15,SPEAKER_DISCRETE,54,0
15,SPEAKER_DISCRETE,55,0
15,SPEAKER_DISCRETE,56,1
15,SPEAKER_DISCRETE,57,0
15,SPEAKER_DISCRETE,58,1
15,SPEAKER_DISCRETE,59,1
15,SPEAKER_DISCRETE,60,1
15,SPEAKER_DISCRETE,61,0
15,SPEAKER_DISCRETE,62,1
15,SPEAKER_DISCRETE,63,1
15,SPEAKER_DISCRETE,64,0
15,SPEAKER_DISCRETE,65,1
15,SPEAKER_DISCRETE,66,1
15,SPEAKER_DISCRETE,67,1
15,SPEAKER_DISCRETE,68,0
15,SPEAKER_DISCRETE,69,0
15,SPEAKER_DISCRETE,70,1
15,SPEAKER_DISCRETE,71,0
15,SPEAKER_DISCRETE,72,1
15,SPEAKER_DISCRETE,73,0
15,SPEAKER_DISCRETE,74,0
15,SPEAKER_DISCRETE,75,0
15,SPEAKER_DISCRETE,76,1
15,SPEAKER_DISCRETE,77,1
15,SPEAKER_DISCRETE,78,0
15,SPEAKER_DISCRETE,79,0
15,SPEAKER_DISCRETE,80,1
15,SPEAKER_DISCRETE,81,0
15,SPEAKER_DISCRETE,82,1
15,SPEAKER_DISCRETE,83,0
15,SPEAKER_DISCRETE,84,1
15,SPEAKER_DISCRETE,85,1
15,SPEAKER_DISCRETE,86,0
15,SPEAKER_DISCRETE,87,1
15,SPEAKER_DISCRETE,88,1
15,SPEAKER_DISCRETE,89,0
15,SPEAKER_DISCRETE,90,1
15,SPEAKER_DISCRETE,91,1
15,SPEAKER_DISCRETE,92,1
15,SPEAKER_DISCRETE,93,0
15,SPEAKER_DISCRETE,94,1
15,SPEAKER_DISCRETE,95,1
15,SPEAKER_DISCRETE,96,1
15,SPEAKER_DISCRETE,97,1
15,SPEAKER_DISCRETE,98,0
15,SPEAKER_DISCRETE,99,0
15,SPEAKER_DISCRETE,100,0
16,SPEAKER_DISCRETE,1,0
16,SPEAKER_DISCRETE,2,0
16,SPEAKER_DISCRETE,3,1
16,SPEAKER_DISCRETE,4,1
16,SPEAKER_DISCRETE,5,1
16,SPEAKER_DISCRETE,6,0
16,SPEAKER_DISCRETE,7,1
16,SPEAKER_DISCRETE,8,0
16,SPEAKER_DISCRETE,9,0
16,SPEAKER_DISCRETE,10,0
16,SPEAKER_DISCRETE,11,1
16,SPEAKER_DISCRETE,12,1
16,SPEAKER_DISCRETE,13,0
16,SPEAKER_DISCRETE,14,0
16,SPEAKER_DISCRETE,15,0
16,SPEAKER_DISCRETE,16,1
16,SPEAKER_DISCRETE,17,1
16,SPEAKER_DISCRETE,18,1
16,SPEAKER_DISCRETE,19,1
16,SPEAKER_DISCRETE,20,0
16,SPEAKER_DISCRETE,21,0
16,SPEAKER_DISCRETE,22,1
16,SPEAKER_DISCRETE,23,1
16,SPEAKER_DISCRETE,24,0
16,SPEAKER_DISCRETE,25,1
16,SPEAKER_DISCRETE,26,1
16,SPEAKER_DISCRETE,27,1
16,SPEAKER_DISCRETE,28,0
16,SPEAKER_DISCRETE,29,1
16,SPEAKER_DISCRETE,30,1
16,SPEAKER_DISCRETE,31,1
16,SPEAKER_DISCRETE,32,0
16,SPEAKER_DISCRETE,33,1
16,SPEAKER_DISCRETE,34,0
16,SPEAKER_DISCRETE,35,0
16,SPEAKER_DISCRETE,36,1
16,SPEAKER_DISCRETE,37,1
16,SPEAKER_DISCRETE,38,0
16,SPEAKER_DISCRETE,39,0
16,SPEAKER_DISCRETE,40,1
16,SPEAKER_DISCRETE,41,1
16,SPEAKER_DISCRETE,42,0
16,SPEAKER_DISCRETE,43,0
16,SPEAKER_DISCRETE,44,0
16,SPEAKER_DISCRETE,45,0
16,SPEAKER_DISCRETE,46,1
16,SPEAKER_DISCRETE,47,1
16,SPEAKER_DISCRETE,48,0
16,SPEAKER_DISCRETE,49,1
16,SPEAKER_DISCRETE,50,1
16,SPEAKER_DISCRETE,51,0
16,SPEAKER_DISCRETE,52,1
16,SPEAKER_DISCRETE,53,0
16,SPEAKER_DISCRETE,54,1
16,SPEAKER_DISCRETE,55,0
16,SPEAKER_DISCRETE,56,1
16,SPEAKER_DISCRETE,57,0
16,SPEAKER_DISCRETE,58,0
16,SPEAKER_DISCRETE,59,1
16,SPEAKER_DISCRETE,60,1
16,SPEAKER_DISCRETE,61,1
16,SPEAKER_DISCRETE,62,1
16,SPEAKER_DISCRETE,63,0
16,SPEAKER_DISCRETE,64,1
16,SPEAKER_DISCRETE,65,1
16,SPEAKER_DISCRETE,66,1
16,SPEAKER_DISCRETE,67,0
16,SPEAKER_DISCRETE,68,1
16,SPEAKER_DISCRETE,69,0
16,SPEAKER_DISCRETE,70,0
16,SPEAKER_DISCRETE,71,0
16,SPEAKER_DISCRETE,72,1
16,SPEAKER_DISCRETE,73,0
16,SPEAKER_DISCRETE,74,0
16,SPEAKER_DISCRETE,75,0
16,SPEAKER_DISCRETE,76,0
16,SPEAKER_DISCRETE,77,0
16,SPEAKER_DISCRETE,78,1
16,SPEAKER_DISCRETE,79,1
16,SPEAKER_DISCRETE,80,0
16,SPEAKER_DISCRETE,81,1
16,SPEAKER_DISCRETE,82,1
16,SPEAKER_DISCRETE,83,0
16,SPEAKER_DISCRETE,84,1
16,SPEAKER_DISCRETE,85,0
16,SPEAKER_DISCRETE,86,1
16,SPEAKER_DISCRETE,87,0
16,SPEAKER_DISCRETE,88,1
16,SPEAKER_DISCRETE,89,0
16,SPEAKER_DISCRETE,90,0
16,SPEAKER_DISCRETE,91,1
16,SPEAKER_DISCRETE,92,1
16,SPEAKER_DISCRETE,93,1
16,SPEAKER_DISCRETE,94,1
16,SPEAKER_DISCRETE,95,0
16,SPEAKER_DISCRETE,96,1
16,SPEAKER_DISCRETE,97,1
16,SPEAKER_DISCRETE,98,1
16,SPEAKER_DISCRETE,99,1
16,SPEAKER_DISCRETE,100,0
17,SPEAKER_DISCRETE,1,1
17,SPEAKER_DISCRETE,2,1
17,SPEAKER_DISCRETE,3,1
17,SPEAKER_DISCRETE,4,0
17,SPEAKER_DISCRETE,5,1
17,SPEAKER_DISCRETE,6,0
17,SPEAKER_DISCRETE,7,0
17,SPEAKER_DISCRETE,8,1
17,SPEAKER_DISCRETE,9,0
17,SPEAKER_DISCRETE,10,0
17,SPEAKER_DISCRETE,11,1
17,SPEAKER_DISCRETE,12,0
17,SPEAKER_DISCRETE,13,1
17,SPEAKER_DISCRETE,14,0
17,SPEAKER_DISCRETE,15,0
17,SPEAKER_DISCRETE,16,1
17,SPEAKER_DISCRETE,17,1
17,SPEAKER_DISCRETE,18,0
17,SPEAKER_DISCRETE,19,1
17,SPEAKER_DISCRETE,20,0
17,SPEAKER_DISCRETE,21,0
17,SPEAKER_DISCRETE,22,0
17,SPEAKER_DISCRETE,23,0
17,SPEAKER_DISCRETE,24,0
17,SPEAKER_DISCRETE,25,0
17,SPEAKER_DISCRETE,26,1
17,SPEAKER_DISCRETE,27,0
17,SPEAKER_DISCRETE,28,0
17,SPEAKER_DISCRETE,29,1
17,SPEAKER_DISCRETE,30,1
17,SPEAKER_DISCRETE,31,0
17,SPEAKER_DISCRETE,32,1
17,SPEAKER_DISCRETE,33,0
17,SPEAKER_DISCRETE,34,1
17,SPEAKER_DISCRETE,35,0
17,SPEAKER_DISCRETE,36,0
17,SPEAKER_DISCRETE,37,1
17,SPEAKER_DISCRETE,38,1
17,SPEAKER_DISCRETE,39,1
17,SPEAKER_DISCRETE,40,1
17,SPEAKER_DISCRETE,41,0
17,SPEAKER_DISCRETE,42,0
17,SPEAKER_DISCRETE,43,0
17,SPEAKER_DISCRETE,44,0
17,SPEAKER_DISCRETE,45,1
17,SPEAKER_DISCRETE,46,0
17,SPEAKER_DISCRETE,47,1
17,SPEAKER_DISCRETE,48,1
17,SPEAKER_DISCRETE,49,0
17,SPEAKER_DISCRETE,50,0
17,SPEAKER_DISCRETE,51,0
17,SPEAKER_DISCRETE,52,1
17,SPEAKER_DISCRETE,53,0
17,SPEAKER_DISCRETE,54,1
17,SPEAKER_DISCRETE,55,0
17,SPEAKER_DISCRETE,56,0
17,SPEAKER_DISCRETE,57,0
17,SPEAKER_DISCRETE,58,1
17,SPEAKER_DISCRETE,59,1
17,SPEAKER_DISCRETE,60,0
17,SPEAKER_DISCRETE,61,0
17,SPEAKER_DISCRETE,62,0
17,SPEAKER_DISCRETE,63,1
17,SPEAKER_DISCRETE,64,1
17,SPEAKER_DISCRETE,65,1
17,SPEAKER_DISCRETE,66,0
17,SPEAKER_DISCRETE,67,1
17,SPEAKER_DISCRETE,68,0
17,SPEAKER_DISCRETE,69,0
17,SPEAKER_DISCRETE,70,0
17,SPEAKER_DISCRETE,71,1
17,SPEAKER_DISCRETE,72,1
17,SPEAKER_DISCRETE,73,1
17,SPEAKER_DISCRETE,74,1
17,SPEAKER_DISCRETE,75,1
17,SPEAKER_DISCRETE,76,0
17,SPEAKER_DISCRETE,77,1
17,SPEAKER_DISCRETE,78,1
17,SPEAKER_DISCRETE,79,1
17,SPEAKER_DISCRETE,80,0
17,SPEAKER_DISCRETE,81,0
17,SPEAKER_DISCRETE,82,0
17,SPEAKER_DISCRETE,83,0
17,SPEAKER_DISCRETE,84,1
17,SPEAKER_DISCRETE,85,0
17,SPEAKER_DISCRETE,86,0
17,SPEAKER_DISCRETE,87,1
17,SPEAKER_DISCRETE,88,1
17,SPEAKER_DISCRETE,89,0
17,SPEAKER_DISCRETE,90,1
17,SPEAKER_DISCRETE,91,0
17,SPEAKER_DISCRETE,92,0
17,SPEAKER_DISCRETE,93,1
17,SPEAKER_DISCRETE,94,0
17,SPEAKER_DISCRETE,95,0
17,SPEAKER_DISCRETE,96,1
17,SPEAKER_DISCRETE,97,0
17,SPEAKER_DISCRETE,98,1
17,SPEAKER_DISCRETE,99,1
17,SPEAKER_DISCRETE,100,1
18,SPEAKER_DISCRETE,1,0
18,SPEAKER_DISCRETE,2,0
18,SPEAKER_DISCRETE,3,0
18,SPEAKER_DISCRETE,4,0
18,SPEAKER_DISCRETE,5,1
18,SPEAKER_DISCRETE,6,1
18,SPEAKER_DISCRETE,7,0
18,SPEAKER_DISCRETE,8,1
18,SPEAKER_DISCRETE,9,1
18,SPEAKER_DISCRETE,10,0
18,SPEAKER_DISCRETE,11,0
18,SPEAKER_DISCRETE,12,0
18,SPEAKER_DISCRETE,13,1
18,SPEAKER_DISCRETE,14,1
18,SPEAKER_DISCRETE,15,0
18,SPEAKER_DISCRETE,16,0
18,SPEAKER_DISCRETE,17,0
18,SPEAKER_DISCRETE,18,1
18,SPEAKER_DISCRETE,19,1
18,SPEAKER_DISCRETE,20,1
18,SPEAKER_DISCRETE,21,0
18,SPEAKER_DISCRETE,22,0
18,SPEAKER_DISCRETE,23,1
18,SPEAKER_DISCRETE,24,0
18,SPEAKER_DISCRETE,25,0
18,SPEAKER_DISCRETE,26,0
18,SPEAKER_DISCRETE,27,0
18,SPEAKER_DISCRETE,28,1
18,SPEAKER_DISCRETE,29,0
18,SPEAKER_DISCRETE,30,1
18,SPEAKER_DISCRETE,31,0
18,SPEAKER_DISCRETE,32,0
18,SPEAKER_DISCRETE,33,0
18,SPEAKER_DISCRETE,34,1
18,SPEAKER_DISCRETE,35,1
18,SPEAKER_DISCRETE,36,1
18,SPEAKER_DISCRETE,37,0
18,SPEAKER_DISCRETE,38,1
18,SPEAKER_DISCRETE,39,0
18,SPEAKER_DISCRETE,40,1
18,SPEAKER_DISCRETE,41,1
18,SPEAKER_DISCRETE,42,0
18,SPEAKER_DISCRETE,43,1
18,SPEAKER_DISCRETE,44,1
18,SPEAKER_DISCRETE,45,0
18,SPEAKER_DISCRETE,46,1
18,SPEAKER_DISCRETE,47,0
18,SPEAKER_DISCRETE,48,1
18,SPEAKER_DISCRETE,49,0
18,SPEAKER_DISCRETE,50,1
18,SPEAKER_DISCRETE,51,1
18,SPEAKER_DISCRETE,52,0
18,SPEAKER_DISCRETE,53,1
18,SPEAKER_DISCRETE,54,0
18,SPEAKER_DISCRETE,55,0
18,SPEAKER_DISCRETE,56,0
18,SPEAKER_DISCRETE,57,0
18,SPEAKER_DISCRETE,58,1
18,SPEAKER_DISCRETE,59,0
18,SPEAKER_DISCRETE,60,0
18,SPEAKER_DISCRETE,61,0
18,SPEAKER_DISCRETE,62,0
18,SPEAKER_DISCRETE,63,1
18,SPEAKER_DISCRETE,64,1
18,SPEAKER_DISCRETE,65,0
18,SPEAKER_DISCRETE,66,0
18,SPEAKER_DISCRETE,67,1
18,SPEAKER_DISCRETE,68,1
18,SPEAKER_DISCRETE,69,1
18,SPEAKER_DISCRETE,70,0
18,SPEAKER_DISCRETE,71,0
18,SPEAKER_DISCRETE,72,0
18,SPEAKER_DISCRETE,73,1
18,SPEAKER_DISCRETE,74,0
18,SPEAKER_DISCRETE,75,1
18,SPEAKER_DISCRETE,76,1
18,SPEAKER_DISCRETE,77,1
18,SPEAKER_DISCRETE,78,1
18,SPEAKER_DISCRETE,79,0
18,SPEAKER_DISCRETE,80,0
18,SPEAKER_DISCRETE,81,0
18,SPEAKER_DISCRETE,82,1
18,SPEAKER_DISCRETE,83,0
18,SPEAKER_DISCRETE,84,0
18,SPEAKER_DISCRETE,85,0
18,SPEAKER_DISCRETE,86,0
18,SPEAKER_DISCRETE,87,0
18,SPEAKER_DISCRETE,88,0
18,SPEAKER_DISCRETE,89,1
18,SPEAKER_DISCRETE,90,1
18,SPEAKER_DISCRETE,91,0
18,SPEAKER_DISCRETE,92,0
18,SPEAKER_DISCRETE,93,1
18,SPEAKER_DISCRETE,94,1
18,SPEAKER_DISCRETE,95,1
18,SPEAKER_DISCRETE,96,0
18,SPEAKER_DISCRETE,97,1
18,SPEAKER_DISCRETE,98,0
18,SPEAKER_DISCRETE,99,1
18,SPEAKER_DISCRETE,100,0
19,SPEAKER_DISCRETE,1,1
19,SPEAKER_DISCRETE,2,0
19,SPEAKER_DISCRETE,3,1
19,SPEAKER_DISCRETE,4,1
19,SPEAKER_DISCRETE,5,1
19,SPEAKER_DISCRETE,6,0
19,SPEAKER_DISCRETE,7,1
19,SPEAKER_DISCRETE,8,0
19,SPEAKER_DISCRETE,9,1
19,SPEAKER_DISCRETE,10,0
19,SPEAKER_DISCRETE,11,0
19,SPEAKER_DISCRETE,12,1
19,SPEAKER_DISCRETE,13,1
19,SPEAKER_DISCRETE,14,1
19,SPEAKER_DISCRETE,15,0
19,SPEAKER_DISCRETE,16,1
19,SPEAKER_DISCRETE,17,0
19,SPEAKER_DISCRETE,18,1
19,SPEAKER_DISCRETE,19,1
19,SPEAKER_DISCRETE,20,0
19,SPEAKER_DISCRETE,21,1
19,SPEAKER_DISCRETE,22,0
19,SPEAKER_DISCRETE,23,1
19,SPEAKER_DISCRETE,24,1
19,SPEAKER_DISCRETE,25,1
19,SPEAKER_DISCRETE,26,0
19,SPEAKER_DISCRETE,27,1
19,SPEAKER_DISCRETE,28,0
19,SPEAKER_DISCRETE,29,0
19,SPEAKER_DISCRETE,30,1
19,SPEAKER_DISCRETE,31,1
19,SPEAKER_DISCRETE,32,0
19,SPEAKER_DISCRETE,33,0
19,SPEAKER_DISCRETE,34,0
19,SPEAKER_DISCRETE,35,1
19,SPEAKER_DISCRETE,36,0
19,SPEAKER_DISCRETE,37,1
19,SPEAKER_DISCRETE,38,0
19,SPEAKER_DISCRETE,39,0
19,SPEAKER_DISCRETE,40,0
19,SPEAKER_DISCRETE,41,0
19,SPEAKER_DISCRETE,42,1
19,SPEAKER_DISCRETE,43,0
19,SPEAKER_DISCRETE,44,0
19,SPEAKER_DISCRETE,45,0
19,SPEAKER_DISCRETE,46,1
19,SPEAKER_DISCRETE,47,1
19,SPEAKER_DISCRETE,48,1
19,SPEAKER_DISCRETE,49,1
19,SPEAKER_DISCRETE,50,1
19,SPEAKER_DISCRETE,51,0
19,SPEAKER_DISCRETE,52,0
19,SPEAKER_DISCRETE,53,0
19,SPEAKER_DISCRETE,54,1
19,SPEAKER_DISCRETE,55,0
19,SPEAKER_DISCRETE,56,0
19,SPEAKER_DISCRETE,57,1
19,SPEAKER_DISCRETE,58,0
19,SPEAKER_DISCRETE,59,1
19,SPEAKER_DISCRETE,60,0
19,SPEAKER_DISCRETE,61,0
19,SPEAKER_DISCRETE,62,1
19,SPEAKER_DISCRETE,63,0
19,SPEAKER_DISCRETE,64,1
19,SPEAKER_DISCRETE,65,1
19,SPEAKER_DISCRETE,66,0
19,SPEAKER_DISCRETE,67,0
19,SPEAKER_DISCRETE,68,0
19,SPEAKER_DISCRETE,69,1
19,SPEAKER_DISCRETE,70,1
19,SPEAKER_DISCRETE,71,1
19,SPEAKER_DISCRETE,72,0
19,SPEAKER_DISCRETE,73,1
19,SPEAKER_DISCRETE,74,1
19,SPEAKER_DISCRETE,75,0
19,SPEAKER_DISCRETE,76,0
19,SPEAKER_DISCRETE,77,0
19,SPEAKER_DISCRETE,78,0
19,SPEAKER_DISCRETE,79,1
19,SPEAKER_DISCRETE,80,0
19,SPEAKER_DISCRETE,81,1
19,SPEAKER_DISCRETE,82,0
19,SPEAKER_DISCRETE,83,1
19,SPEAKER_DISCRETE,84,1
19,SPEAKER_DISCRETE,85,0
19,SPEAKER_DISCRETE,86,0
19,SPEAKER_DISCRETE,87,1
19,SPEAKER_DISCRETE,88,0
19,SPEAKER_DISCRETE,89,1
19,SPEAKER_DISCRETE,90,0
19,SPEAKER_DISCRETE,91,1
19,SPEAKER_DISCRETE,92,1
19,SPEAKER_DISCRETE,93,1
19,SPEAKER_DISCRETE,94,1
19,SPEAKER_DISCRETE,95,1
19,SPEAKER_DISCRETE,96,0
19,SPEAKER_DISCRETE,97,1
19,SPEAKER_DISCRETE,98,0
19,SPEAKER_DISCRETE,99,1
19,SPEAKER_DISCRETE,100,1
20,SPEAKER_DISCRETE,1,1
20,SPEAKER_DISCRETE,2,1
20,SPEAKER_DISCRETE,3,0
20,SPEAKER_DISCRETE,4,0
20,SPEAKER_DISCRETE,5,1
20,SPEAKER_DISCRETE,6,1
20,SPEAKER_DISCRETE,7,0
20,SPEAKER_DISCRETE,8,1
20,SPEAKER_DISCRETE,9,1
20,SPEAKER_DISCRETE,10,0
20,SPEAKER_DISCRETE,11,1
20,SPEAKER_DISCRETE,12,0
20,SPEAKER_DISCRETE,13,1
20,SPEAKER_DISCRETE,14,1
20,SPEAKER_DISCRETE,15,0
20,SPEAKER_DISCRETE,16,1
20,SPEAKER_DISCRETE,17,1
20,SPEAKER_DISCRETE,18,1
20,SPEAKER_DISCRETE,19,0
20,SPEAKER_DISCRETE,20,0
20,SPEAKER_DISCRETE,21,0
20,SPEAKER_DISCRETE,22,1
20,SPEAKER_DISCRETE,23,1
20,SPEAKER_DISCRETE,24,0
20,SPEAKER_DISCRETE,25,0
20,SPEAKER_DISCRETE,26,0
20,SPEAKER_DISCRETE,27,0
20,SPEAKER_DISCRETE,28,0
20,SPEAKER_DISCRETE,29,1
20,SPEAKER_DISCRETE,30,1
20,SPEAKER_DISCRETE,31,0
20,SPEAKER_DISCRETE,32,1
20,SPEAKER_DISCRETE,33,1
20,SPEAKER_DISCRETE,34,1
20,SPEAKER_DISCRETE,35,0
20,SPEAKER_DISCRETE,36,1
20,SPEAKER_DISCRETE,37,1
20,SPEAKER_DISCRETE,38,0
20,SPEAKER_DISCRETE,39,0
20,SPEAKER_DISCRETE,40,0
20,SPEAKER_DISCRETE,41,1
20,SPEAKER_DISCRETE,42,1
20,SPEAKER_DISCRETE,43,1
20,SPEAKER_DISCRETE,44,0
20,SPEAKER_DISCRETE,45,0
20,SPEAKER_DISCRETE,46,0
20,SPEAKER_DISCRETE,47,0
20,SPEAKER_DISCRETE,48,0
20,SPEAKER_DISCRETE,49,1
20,SPEAKER_DISCRETE,50,1
20,SPEAKER_DISCRETE,51,1
20,SPEAKER_DISCRETE,52,0
20,SPEAKER_DISCRETE,53,0
20,SPEAKER_DISCRETE,54,1
20,SPEAKER_DISCRETE,55,1
20,SPEAKER_DISCRETE,56,0
20,SPEAKER_DISCRETE,57,1
20,SPEAKER_DISCRETE,58,0
20,SPEAKER_DISCRETE,59,0
20,SPEAKER_DISCRETE,60,1
20,SPEAKER_DISCRETE,61,0
20,SPEAKER_DISCRETE,62,0
20,SPEAKER_DISCRETE,63,1
20,SPEAKER_DISCRETE,64,0
20,SPEAKER_DISCRETE,65,0
20,SPEAKER_DISCRETE,66,0
20,SPEAKER_DISCRETE,67,1
20,SPEAKER_DISCRETE,68,0
20,SPEAKER_DISCRETE,69,1
20,SPEAKER_DISCRETE,70,1
20,SPEAKER_DISCRETE,71,1
20,SPEAKER_DISCRETE,72,1
20,SPEAKER_DISCRETE,73,1
20,SPEAKER_DISCRETE,74,0
20,SPEAKER_DISCRETE,75,1
20,SPEAKER_DISCRETE,76,0
20,SPEAKER_DISCRETE,77,1
20,SPEAKER_DISCRETE,78,1
20,SPEAKER_DISCRETE,79,1
20,SPEAKER_DISCRETE,80,1
20,SPEAKER_DISCRETE,81,1
20,SPEAKER_DISCRETE,82,1
20,SPEAKER_DISCRETE,83,0
20,SPEAKER_DISCRETE,84,0
20,SPEAKER_DISCRETE,85,1
20,SPEAKER_DISCRETE,86,0
20,SPEAKER_DISCRETE,87,0
20,SPEAKER_DISCRETE,88,1
20,SPEAKER_DISCRETE,89,0
20,SPEAKER_DISCRETE,90,0
20,SPEAKER_DISCRETE,91,1
20,SPEAKER_DISCRETE,92,0
20,SPEAKER_DISCRETE,93,0
20,SPEAKER_DISCRETE,94,0
20,SPEAKER_DISCRETE,95,0
20,SPEAKER_DISCRETE,96,1
20,SPEAKER_DISCRETE,97,0
20,SPEAKER_DISCRETE,98,1
20,SPEAKER_DISCRETE,99,0
20,SPEAKER_DISCRETE,100,1
21,SPEAKER_DISCRETE,1,0
21,SPEAKER_DISCRETE,2,1
21,SPEAKER_DISCRETE,3,1
21,SPEAKER_DISCRETE,4,0
21,SPEAKER_DISCRETE,5,1
21,SPEAKER_DISCRETE,6,1
21,SPEAKER_DISCRETE,7,0
21,SPEAKER_DISCRETE,8,1
21,SPEAKER_DISCRETE,9,1
21,SPEAKER_DISCRETE,10,0
21,SPEAKER_DISCRETE,11,0
21,SPEAKER_DISCRETE,12,1
21,SPEAKER_DISCRETE,13,0
21,SPEAKER_DISCRETE,14,1
21,SPEAKER_DISCRETE,15,1
21,SPEAKER_DISCRETE,16,0
21,SPEAKER_DISCRETE,17,0
21,SPEAKER_DISCRETE,18,1
21,SPEAKER_DISCRETE,19,1
21,SPEAKER_DISCRETE,20,1
21,SPEAKER_DISCRETE,21,1
21,SPEAKER_DISCRETE,22,1
21,SPEAKER_DISCRETE,23,0
21,SPEAKER_DISCRETE,24,1
21,SPEAKER_DISCRETE,25,0
21,SPEAKER_DISCRETE,26,1
21,SPEAKER_DISCRETE,27,1
21,SPEAKER_DISCRETE,28,0
21,SPEAKER_DISCRETE,29,0
21,SPEAKER_DISCRETE,30,1
21,SPEAKER_DISCRETE,31,0
21,SPEAKER_DISCRETE,32,1
21,SPEAKER_DISCRETE,33,0
21,SPEAKER_DISCRETE,34,1
21,SPEAKER_DISCRETE,35,1
21,SPEAKER_DISCRETE,36,0
21,SPEAKER_DISCRETE,37,0
21,SPEAKER_DISCRETE,38,1
21,SPEAKER_DISCRETE,39,1
21,SPEAKER_DISCRETE,40,0
21,SPEAKER_DISCRETE,41,0
21,SPEAKER_DISCRETE,42,1
21,SPEAKER_DISCRETE,43,0
21,SPEAKER_DISCRETE,44,0
21,SPEAKER_DISCRETE,45,0
21,SPEAKER_DISCRETE,46,1
21,SPEAKER_DISCRETE,47,0
21,SPEAKER_DISCRETE,48,0
21,SPEAKER_DISCRETE,49,0
21,SPEAKER_DISCRETE,50,1
21,SPEAKER_DISCRETE,51,0
21,SPEAKER_DISCRETE,52,0
21,SPEAKER_DISCRETE,53,1
21,SPEAKER_DISCRETE,54,1
21,SPEAKER_DISCRETE,55,0
21,SPEAKER_DISCRETE,56,1
21,SPEAKER_DISCRETE,57,0
21,SPEAKER_DISCRETE,58,0
21,SPEAKER_DISCRETE,59,1
21,SPEAKER_DISCRETE,60,0
21,SPEAKER_DISCRETE,61,1
21,SPEAKER_DISCRETE,62,0
21,SPEAKER_DISCRETE,63,1
21,SPEAKER_DISCRETE,64,1
21,SPEAKER_DISCRETE,65,0
21,SPEAKER_DISCRETE,66,0
21,SPEAKER_DISCRETE,67,1
21,SPEAKER_DISCRETE,68,0
21,SPEAKER_DISCRETE,69,1
21,SPEAKER_DISCRETE,70,0
21,SPEAKER_DISCRETE,71,0
21,SPEAKER_DISCRETE,72,1
21,SPEAKER_DISCRETE,73,1
21,SPEAKER_DISCRETE,74,0
21,SPEAKER_DISCRETE,75,0
21,SPEAKER_DISCRETE,76,1
21,SPEAKER_DISCRETE,77,0
21,SPEAKER_DISCRETE,78,1
21,SPEAKER_DISCRETE,79,0
21,SPEAKER_DISCRETE,80,1
21,SPEAKER_DISCRETE,81,0
21,SPEAKER_DISCRETE,82,1
21,SPEAKER_DISCRETE,83,1
21,SPEAKER_DISCRETE,84,0
21,SPEAKER_DISCRETE,85,1
21,SPEAKER_DISCRETE,86,1
21,SPEAKER_DISCRETE,87,0
21,SPEAKER_DISCRETE,88,1
21,SPEAKER_DISCRETE,89,1
21,SPEAKER_DISCRETE,90,0
21,SPEAKER_DISCRETE,91,1
21,SPEAKER_DISCRETE,92,0
21,SPEAKER_DISCRETE,93,1
21,SPEAKER_DISCRETE,94,0
21,SPEAKER_DISCRETE,95,0
21,SPEAKER_DISCRETE,96,1
21,SPEAKER_DISCRETE,97,1
21,SPEAKER_DISCRETE,98,0
21,SPEAKER_DISCRETE,99,0
21,SPEAKER_DISCRETE,100,1
22,SPEAKER_DISCRETE,1,0
22,SPEAKER_DISCRETE,2,1
22,SPEAKER_DISCRETE,3,1
22,SPEAKER_DISCRETE,4,0
22,SPEAKER_DISCRETE,5,0
22,SPEAKER_DISCRETE,6,1
22,SPEAKER_DISCRETE,7,0
22,SPEAKER_DISCRETE,8,1
22,SPEAKER_DISCRETE,9,1
22,SPEAKER_DISCRETE,10,1
22,SPEAKER_DISCRETE,11,1
22,SPEAKER_DISCRETE,12,0
22,SPEAKER_DISCRETE,13,0
22,SPEAKER_DISCRETE,14,1
22,SPEAKER_DISCRETE,15,1
22,SPEAKER_DISCRETE,16,1
22,SPEAKER_DISCRETE,17,0
22,SPEAKER_DISCRETE,18,0
22,SPEAKER_DISCRETE,19,1
22,SPEAKER_DISCRETE,20,0
22,SPEAKER_DISCRETE,21,1
22,SPEAKER_DISCRETE,22,0
22,SPEAKER_DISCRETE,23,1
22,SPEAKER_DISCRETE,24,0
22,SPEAKER_DISCRETE,25,1
22,SPEAKER_DISCRETE,26,0
22,SPEAKER_DISCRETE,27,0
22,SPEAKER_DISCRETE,28,1
22,SPEAKER_DISCRETE,29,1
22,SPEAKER_DISCRETE,30,1
22,SPEAKER_DISCRETE,31,1
22,SPEAKER_DISCRETE,32,0
22,SPEAKER_DISCRETE,33,1
22,SPEAKER_DISCRETE,34,1
22,SPEAKER_DISCRETE,35,1
22,SPEAKER_DISCRETE,36,0
22,SPEAKER_DISCRETE,37,0
22,SPEAKER_DISCRETE,38,1
22,SPEAKER_DISCRETE,39,0
22,SPEAKER_DISCRETE,40,1
22,SPEAKER_DISCRETE,41,1
22,SPEAKER_DISCRETE,42,0
22,SPEAKER_DISCRETE,43,0
22,SPEAKER_DISCRETE,44,1
22,SPEAKER_DISCRETE,45,1
22,SPEAKER_DISCRETE,46,1
22,SPEAKER_DISCRETE,47,1
22,SPEAKER_DISCRETE,48,0
22,SPEAKER_DISCRETE,49,0
22,SPEAKER_DISCRETE,50,1
22,SPEAKER_DISCRETE,51,1
22,SPEAKER_DISCRETE,52,0
22,SPEAKER_DISCRETE,53,0
22,SPEAKER_DISCRETE,54,0
22,SPEAKER_DISCRETE,55,1
22,SPEAKER_DISCRETE,56,1
22,SPEAKER_DISCRETE,57,0
22,SPEAKER_DISCRETE,58,1
22,SPEAKER_DISCRETE,59,1
22,SPEAKER_DISCRETE,60,0
22,SPEAKER_DISCRETE,61,1
22,SPEAKER_DISCRETE,62,0
22,SPEAKER_DISCRETE,63,0
22,SPEAKER_DISCRETE,64,0
22,SPEAKER_DISCRETE,65,0
22,SPEAKER_DISCRETE,66,1
22,SPEAKER_DISCRETE,67,1
22,SPEAKER_DISCRETE,68,0
22,SPEAKER_DISCRETE,69,0
22,SPEAKER_DISCRETE,70,1
22,SPEAKER_DISCRETE,71,0
22,SPEAKER_DISCRETE,72,1
22,SPEAKER_DISCRETE,73,0
22,SPEAKER_DISCRETE,74,0
22,SPEAKER_DISCRETE,75,0
22,SPEAKER_DISCRETE,76,1
22,SPEAKER_DISCRETE,77,0
22,SPEAKER_DISCRETE,78,1
22,SPEAKER_DISCRETE,79,0
22,SPEAKER_DISCRETE,80,1
22,SPEAKER_DISCRETE,81,0
22,SPEAKER_DISCRETE,82,1
22,SPEAKER_DISCRETE,83,0
22,SPEAKER_DISCRETE,84,1
22,SPEAKER_DISCRETE,85,1
22,SPEAKER_DISCRETE,86,0
22,SPEAKER_DISCRETE,87,1
22,SPEAKER_DISCRETE,88,1
22,SPEAKER_DISCRETE,89,0
22,SPEAKER_DISCRETE,90,1
22,SPEAKER_DISCRETE,91,0
22,SPEAKER_DISCRETE,92,0
22,SPEAKER_DISCRETE,93,0
22,SPEAKER_DISCRETE,94,1
22,SPEAKER_DISCRETE,95,0
22,SPEAKER_DISCRETE,96,1
22,SPEAKER_DISCRETE,97,1
22,SPEAKER_DISCRETE,98,0
22,SPEAKER_DISCRETE,99,1
22,SPEAKER_DISCRETE,100,0
23,SPEAKER_DISCRETE,1,1
23,SPEAKER_DISCRETE,2,0
23,SPEAKER_DISCRETE,3,0
23,SPEAKER_DISCRETE,4,0
23,SPEAKER_DISCRETE,5,1
23,SPEAKER_DISCRETE,6,0
23,SPEAKER_DISCRETE,7,0
23,SPEAKER_DISCRETE,8,0
23,SPEAKER_DISCRETE,9,0
23,SPEAKER_DISCRETE,10,0
23,SPEAKER_DISCRETE,11,1
23,SPEAKER_DISCRETE,12,0
23,SPEAKER_DISCRETE,13,1
23,SPEAKER_DISCRETE,14,1
23,SPEAKER_DISCRETE,15,1
23,SPEAKER_DISCRETE,16,1
23,SPEAKER_DISCRETE,17,0
23,SPEAKER_DISCRETE,18,0
23,SPEAKER_DISCRETE,19,0
23,SPEAKER_DISCRETE,20,0
23,SPEAKER_DISCRETE,21,1
23,SPEAKER_DISCRETE,22,1
23,SPEAKER_DISCRETE,23,0
23,SPEAKER_DISCRETE,24,0
23,SPEAKER_DISCRETE,25,1
23,SPEAKER_DISCRETE,26,1
23,SPEAKER_DISCRETE,27,1
23,SPEAKER_DISCRETE,28,0
23,SPEAKER_DISCRETE,29,0
23,SPEAKER_DISCRETE,30,0
23,SPEAKER_DISCRETE,31,1
23,SPEAKER_DISCRETE,32,0
23,SPEAKER_DISCRETE,33,1
23,SPEAKER_DISCRETE,34,1
23,SPEAKER_DISCRETE,35,0
23,SPEAKER_DISCRETE,36,1
23,SPEAKER_DISCRETE,37,0
23,SPEAKER_DISCRETE,38,0
23,SPEAKER_DISCRETE,39,1
23,SPEAKER_DISCRETE,40,1
23,SPEAKER_DISCRETE,41,1
23,SPEAKER_DISCRETE,42,0
23,SPEAKER_DISCRETE,43,0
23,SPEAKER_DISCRETE,44,1
23,SPEAKER_DISCRETE,45,1
23,SPEAKER_DISCRETE,46,0
23,SPEAKER_DISCRETE,47,1
23,SPEAKER_DISCRETE,48,0
23,SPEAKER_DISCRETE,49,1
23,SPEAKER_DISCRETE,50,0
23,SPEAKER_DISCRETE,51,0
23,SPEAKER_DISCRETE,52,1
23,SPEAKER_DISCRETE,53,1
23,SPEAKER_DISCRETE,54,1
23,SPEAKER_DISCRETE,55,0
23,SPEAKER_DISCRETE,56,1
23,SPEAKER_DISCRETE,57,1
23,SPEAKER_DISCRETE,58,0
23,SPEAKER_DISCRETE,59,0
23,SPEAKER_DISCRETE,60,1
23,SPEAKER_DISCRETE,61,0
23,SPEAKER_DISCRETE,62,1
23,SPEAKER_DISCRETE,63,0
23,SPEAKER_DISCRETE,64,1
23,SPEAKER_DISCRETE,65,1
23,SPEAKER_DISCRETE,66,1
23,SPEAKER_DISCRETE,67,1
23,SPEAKER_DISCRETE,68,1
23,SPEAKER_DISCRETE,69,0
23,SPEAKER_DISCRETE,70,0
23,SPEAKER_DISCRETE,71,0
23,SPEAKER_DISCRETE,72,1
23,SPEAKER_DISCRETE,73,1
23,SPEAKER_DISCRETE,74,1
23,SPEAKER_DISCRETE,75,1
23,SPEAKER_DISCRETE,76,1
23,SPEAKER_DISCRETE,77,1
23,SPEAKER_DISCRETE,78,0
23,SPEAKER_DISCRETE,79,1
23,SPEAKER_DISCRETE,80,0
23,SPEAKER_DISCRETE,81,0
23,SPEAKER_DISCRETE,82,0
23,SPEAKER_DISCRETE,83,1
23,SPEAKER_DISCRETE,84,1
23,SPEAKER_DISCRETE,85,0
23,SPEAKER_DISCRETE,86,0
23,SPEAKER_DISCRETE,87,1
23,SPEAKER_DISCRETE,88,1
23,SPEAKER_DISCRETE,89,1
23,SPEAKER_DISCRETE,90,0
23,SPEAKER_DISCRETE,91,0
23,SPEAKER_DISCRETE,92,0
23,SPEAKER_DISCRETE,93,1
23,SPEAKER_DISCRETE,94,0
23,SPEAKER_DISCRETE,95,0
23,SPEAKER_DISCRETE,96,1
23,SPEAKER_DISCRETE,97,1
23,SPEAKER_DISCRETE,98,1
23,SPEAKER_DISCRETE,99,0
23,SPEAKER_DISCRETE,100,0
24,SPEAKER_DISCRETE,1,1
24,SPEAKER_DISCRETE,2,0
24,SPEAKER_DISCRETE,3,0
24,SPEAKER_DISCRETE,4,1
24,SPEAKER_DISCRETE,5,1
24,SPEAKER_DISCRETE,6,1
24,SPEAKER_DISCRETE,7,1
24,SPEAKER_DISCRETE,8,0
24,SPEAKER_DISCRETE,9,0
24,SPEAKER_DISCRETE,10,0
24,SPEAKER_DISCRETE,11,0
24,SPEAKER_DISCRETE,12,1
24,SPEAKER_DISCRETE,13,1
24,SPEAKER_DISCRETE,14,0
24,SPEAKER_DISCRETE,15,1
24,SPEAKER_DISCRETE,16,0
24,SPEAKER_DISCRETE,17,1
24,SPEAKER_DISCRETE,18,0
24,SPEAKER_DISCRETE,19,0
24,SPEAKER_DISCRETE,20,1
24,SPEAKER_DISCRETE,21,0
24,SPEAKER_DISCRETE,22,0
24,SPEAKER_DISCRETE,23,1
24,SPEAKER_DISCRETE,24,1
24,SPEAKER_DISCRETE,25,0
24,SPEAKER_DISCRETE,26,1
24,SPEAKER_DISCRETE,27,1
24,SPEAKER_DISCRETE,28,0
24,SPEAKER_DISCRETE,29,1
24,SPEAKER_DISCRETE,30,0
24,SPEAKER_DISCRETE,31,1
24,SPEAKER_DISCRETE,32,0
24,SPEAKER_DISCRETE,33,1
24,SPEAKER_DISCRETE,34,1
24,SPEAKER_DISCRETE,35,0
24,SPEAKER_DISCRETE,36,1
24,SPEAKER_DISCRETE,37,0
24,SPEAKER_DISCRETE,38,1
24,SPEAKER_DISCRETE,39,0
24,SPEAKER_DISCRETE,40,1
24,SPEAKER_DISCRETE,41,0
24,SPEAKER_DISCRETE,42,0
24,SPEAKER_DISCRETE,43,1
24,SPEAKER_DISCRETE,44,1
24,SPEAKER_DISCRETE,45,0
24,SPEAKER_DISCRETE,46,1
24,SPEAKER_DISCRETE,47,1
24,SPEAKER_DISCRETE,48,1
24,SPEAKER_DISCRETE,49,1
24,SPEAKER_DISCRETE,50,1
24,SPEAKER_DISCRETE,51,1
24,SPEAKER_DISCRETE,52,0
24,SPEAKER_DISCRETE,53,1
24,SPEAKER_DISCRETE,54,1
24,SPEAKER_DISCRETE,55,0
24,SPEAKER_DISCRETE,56,1
24,SPEAKER_DISCRETE,57,0
24,SPEAKER_DISCRETE,58,1
24,SPEAKER_DISCRETE,59,0
24,SPEAKER_DISCRETE,60,1
24,SPEAKER_DISCRETE,61,1
24,SPEAKER_DISCRETE,62,0
24,SPEAKER_DISCRETE,63,0
24,SPEAKER_DISCRETE,64,1
24,SPEAKER_DISCRETE,65,1
24,SPEAKER_DISCRETE,66,0
24,SPEAKER_DISCRETE,67,1
24,SPEAKER_DISCRETE,68,1
24,SPEAKER_DISCRETE,69,0
24,SPEAKER_DISCRETE,70,1
24,SPEAKER_DISCRETE,71,1
24,SPEAKER_DISCRETE,72,0
24,SPEAKER_DISCRETE,73,1
24,SPEAKER_DISCRETE,74,0
24,SPEAKER_DISCRETE,75,1
24,SPEAKER_DISCRETE,76,0
24,SPEAKER_DISCRETE,77,0
24,SPEAKER_DISCRETE,78,1
24,SPEAKER_DISCRETE,79,0
24,SPEAKER_DISCRETE,80,0
24,SPEAKER_DISCRETE,81,1
24,SPEAKER_DISCRETE,82,0
24,SPEAKER_DISCRETE,83,0
24,SPEAKER_DISCRETE,84,1
24,SPEAKER_DISCRETE,85,0
24,SPEAKER_DISCRETE,86,1
24,SPEAKER_DISCRETE,87,0
24,SPEAKER_DISCRETE,88,1
24,SPEAKER_DISCRETE,89,0
24,SPEAKER_DISCRETE,90,1
24,SPEAKER_DISCRETE,91,0
24,SPEAKER_DISCRETE,92,1
24,SPEAKER_DISCRETE,93,1
24,SPEAKER_DISCRETE,94,1
24,SPEAKER_DISCRETE,95,1
24,SPEAKER_DISCRETE,96,1
24,SPEAKER_DISCRETE,97,0
24,SPEAKER_DISCRETE,98,1
24,SPEAKER_DISCRETE,99,1
24,SPEAKER_DISCRETE,100,1
25,SPEAKER_DISCRETE,1,1
25,SPEAKER_DISCRETE,2,1
25,SPEAKER_DISCRETE,3,0
25,SPEAKER_DISCRETE,4,1
25,SPEAKER_DISCRETE,5,0
25,SPEAKER_DISCRETE,6,0
25,SPEAKER_DISCRETE,7,1
25,SPEAKER_DISCRETE,8,0
25,SPEAKER_DISCRETE,9,0
25,SPEAKER_DISCRETE,10,1
25,SPEAKER_DISCRETE,11,0
25,SPEAKER_DISCRETE,12,0
25,SPEAKER_DISCRETE,13,0
25,SPEAKER_DISCRETE,14,1
25,SPEAKER_DISCRETE,15,0
25,SPEAKER_DISCRETE,16,0
25,SPEAKER_DISCRETE,17,1
25,SPEAKER_DISCRETE,18,1
25,SPEAKER_DISCRETE,19,1
25,SPEAKER_DISCRETE,20,1
25,SPEAKER_DISCRETE,21,1
25,SPEAKER_DISCRETE,22,1
25,SPEAKER_DISCRETE,23,1
25,SPEAKER_DISCRETE,24,1
25,SPEAKER_DISCRETE,25,0
25,SPEAKER_DISCRETE,26,0
25,SPEAKER_DISCRETE,27,1
25,SPEAKER_DISCRETE,28,0
25,SPEAKER_DISCRETE,29,0
25,SPEAKER_DISCRETE,30,1
25,SPEAKER_DISCRETE,31,0
25,SPEAKER_DISCRETE,32,1
25,SPEAKER_DISCRETE,33,1
25,SPEAKER_DISCRETE,34,1
25,SPEAKER_DISCRETE,35,1
25,SPEAKER_DISCRETE,36,0
25,SPEAKER_DISCRETE,37,1
25,SPEAKER_DISCRETE,38,0
25,SPEAKER_DISCRETE,39,0
25,SPEAKER_DISCRETE,40,1
25,SPEAKER_DISCRETE,41,1
25,SPEAKER_DISCRETE,42,0
25,SPEAKER_DISCRETE,43,1
25,SPEAKER_DISCRETE,44,1
25,SPEAKER_DISCRETE,45,0
25,SPEAKER_DISCRETE,46,1
25,SPEAKER_DISCRETE,47,0
25,SPEAKER_DISCRETE,48,1
25,SPEAKER_DISCRETE,49,1
25,SPEAKER_DISCRETE,50,1
25,SPEAKER_DISCRETE,51,1
25,SPEAKER_DISCRETE,52,0
25,SPEAKER_DISCRETE,53,1
25,SPEAKER_DISCRETE,54,0
25,SPEAKER_DISCRETE,55,1
25,SPEAKER_DISCRETE,56,1
25,SPEAKER_DISCRETE,57,0
25,SPEAKER_DISCRETE,58,1
25,SPEAKER_DISCRETE,59,0
25,SPEAKER_DISCRETE,60,1
25,SPEAKER_DISCRETE,61,0
25,SPEAKER_DISCRETE,62,1
25,SPEAKER_DISCRETE,63,1
25,SPEAKER_DISCRETE,64,0
25,SPEAKER_DISCRETE,65,1
25,SPEAKER_DISCRETE,66,1
25,SPEAKER_DISCRETE,67,0
25,SPEAKER_DISCRETE,68,0
25,SPEAKER_DISCRETE,69,1
25,SPEAKER_DISCRETE,70,1
25,SPEAKER_DISCRETE,71,1
25,SPEAKER_DISCRETE,72,0
25,SPEAKER_DISCRETE,73,0
25,SPEAKER_DISCRETE,74,1
25,SPEAKER_DISCRETE,75,0
25,SPEAKER_DISCRETE,76,0
25,SPEAKER_DISCRETE,77,1
25,SPEAKER_DISCRETE,78,0
25,SPEAKER_DISCRETE,79,1
25,SPEAKER_DISCRETE,80,0
25,SPEAKER_DISCRETE,81,1
25,SPEAKER_DISCRETE,82,1
25,SPEAKER_DISCRETE,83,1
25,SPEAKER_DISCRETE,84,1
25,SPEAKER_DISCRETE,85,1
25,SPEAKER_DISCRETE,86,0
25,SPEAKER_DISCRETE,87,0
25,SPEAKER_DISCRETE,88,0
25,SPEAKER_DISCRETE,89,0
25,SPEAKER_DISCRETE,90,0
25,SPEAKER_DISCRETE,91,1
25,SPEAKER_DISCRETE,92,0
25,SPEAKER_DISCRETE,93,1
25,SPEAKER_DISCRETE,94,0
25,SPEAKER_DISCRETE,95,0
25,SPEAKER_DISCRETE,96,0
25,SPEAKER_DISCRETE,97,1
25,SPEAKER_DISCRETE,98,0
25,SPEAKER_DISCRETE,99,0
25,SPEAKER_DISCRETE,100,1
26,SPEAKER_DISCRETE,1,0
26,SPEAKER_DISCRETE,2,1
26,SPEAKER_DISCRETE,3,0
26,SPEAKER_DISCRETE,4,1
26,SPEAKER_DISCRETE,5,1
26,SPEAKER_DISCRETE,6,0
26,SPEAKER_DISCRETE,7,0
26,SPEAKER_DISCRETE,8,1
26,SPEAKER_DISCRETE,9,0
26,SPEAKER_DISCRETE,10,1
26,SPEAKER_DISCRETE,11,0
26,SPEAKER_DISCRETE,12,1
26,SPEAKER_DISCRETE,13,1
26,SPEAKER_DISCRETE,14,0
26,SPEAKER_DISCRETE,15,1
26,SPEAKER_DISCRETE,16,0
26,SPEAKER_DISCRETE,17,0
26,SPEAKER_DISCRETE,18,1
26,SPEAKER_DISCRETE,19,1
26,SPEAKER_DISCRETE,20,1
26,SPEAKER_DISCRETE,21,0
26,SPEAKER_DISCRETE,22,1
26,SPEAKER_DISCRETE,23,0
26,SPEAKER_DISCRETE,24,1
26,SPEAKER_DISCRETE,25,0
26,SPEAKER_DISCRETE,26,1
26,SPEAKER_DISCRETE,27,0
26,SPEAKER_DISCRETE,28,1
26,SPEAKER_DISCRETE,29,0
26,SPEAKER_DISCRETE,30,1
26,SPEAKER_DISCRETE,31,1
26,SPEAKER_DISCRETE,32,0
26,SPEAKER_DISCRETE,33,1
26,SPEAKER_DISCRETE,34,0
26,SPEAKER_DISCRETE,35,1
26,SPEAKER_DISCRETE,36,0
26,SPEAKER_DISCRETE,37,0
26,SPEAKER_DISCRETE,38,1
26,SPEAKER_DISCRETE,39,0
26,SPEAKER_DISCRETE,40,1
26,SPEAKER_DISCRETE,41,0
26,SPEAKER_DISCRETE,42,1
26,SPEAKER_DISCRETE,43,0
26,SPEAKER_DISCRETE,44,1
26,SPEAKER_DISCRETE,45,0
26,SPEAKER_DISCRETE,46,0
26,SPEAKER_DISCRETE,47,0
26,SPEAKER_DISCRETE,48,0
26,SPEAKER_DISCRETE,49,1
26,SPEAKER_DISCRETE,50,1
26,SPEAKER_DISCRETE,51,0
26,SPEAKER_DISCRETE,52,0
26,SPEAKER_DISCRETE,53,0
26,SPEAKER_DISCRETE,54,0
26,SPEAKER_DISCRETE,55,1
26,SPEAKER_DISCRETE,56,0
26,SPEAKER_DISCRETE,57,0
26,SPEAKER_DISCRETE,58,1
26,SPEAKER_DISCRETE,59,0
26,SPEAKER_DISCRETE,60,0
26,SPEAKER_DISCRETE,61,1
26,SPEAKER_DISCRETE,62,1
26,SPEAKER_DISCRETE,63,0
26,SPEAKER_DISCRETE,64,1
26,SPEAKER_DISCRETE,65,0
26,SPEAKER_DISCRETE,66,1
26,SPEAKER_DISCRETE,67,1
26,SPEAKER_DISCRETE,68,1
26,SPEAKER_DISCRETE,69,0
26,SPEAKER_DISCRETE,70,0
26,SPEAKER_DISCRETE,71,0
26,SPEAKER_DISCRETE,72,1
26,SPEAKER_DISCRETE,73,0
26,SPEAKER_DISCRETE,74,1
26,SPEAKER_DISCRETE,75,1
26,SPEAKER_DISCRETE,76,0
26,SPEAKER_DISCRETE,77,0
26,SPEAKER_DISCRETE,78,1
26,SPEAKER_DISCRETE,79,1
26,SPEAKER_DISCRETE,80,1
26,SPEAKER_DISCRETE,81,1
26,SPEAKER_DISCRETE,82,0
26,SPEAKER_DISCRETE,83,1
26,SPEAKER_DISCRETE,84,0
26,SPEAKER_DISCRETE,85,1
26,SPEAKER_DISCRETE,86,0
26,SPEAKER_DISCRETE,87,1
26,SPEAKER_DISCRETE,88,1
26,SPEAKER_DISCRETE,89,0
26,SPEAKER_DISCRETE,90,0
26,SPEAKER_DISCRETE,91,1
26,SPEAKER_DISCRETE,92,0
26,SPEAKER_DISCRETE,93,1
26,SPEAKER_DISCRETE,94,0
26,SPEAKER_DISCRETE,95,0
26,SPEAKER_DISCRETE,96,1
26,SPEAKER_DISCRETE,97,0
26,SPEAKER_DISCRETE,98,0
26,SPEAKER_DISCRETE,99,1
26,SPEAKER_DISCRETE,100,1
27,SPEAKER_DISCRETE,1,0
27,SPEAKER_DISCRETE,2,1
27,SPEAKER_DISCRETE,3,0
27,SPEAKER_DISCRETE,4,0
27,SPEAKER_DISCRETE,5,1
27,SPEAKER_DISCRETE,6,0
27,SPEAKER_DISCRETE,7,0
27,SPEAKER_DISCRETE,8,1
27,SPEAKER_DISCRETE,9,0
27,SPEAKER_DISCRETE,10,0
27,SPEAKER_DISCRETE,11,0
27,SPEAKER_DISCRETE,12,1
27,SPEAKER_DISCRETE,13,0
27,SPEAKER_DISCRETE,14,1
27,SPEAKER_DISCRETE,15,1
27,SPEAKER_DISCRETE,16,1
27,SPEAKER_DISCRETE,17,1
27,SPEAKER_DISCRETE,18,0
27,SPEAKER_DISCRETE,19,0
27,SPEAKER_DISCRETE,20,0
27,SPEAKER_DISCRETE,21,1
27,SPEAKER_DISCRETE,22,1
27,SPEAKER_DISCRETE,23,0
27,SPEAKER_DISCRETE,24,1
27,SPEAKER_DISCRETE,25,1
27,SPEAKER_DISCRETE,26,1
27,SPEAKER_DISCRETE,27,0
27,SPEAKER_DISCRETE,28,1
27,SPEAKER_DISCRETE,29,1
27,SPEAKER_DISCRETE,30,1
27,SPEAKER_DISCRETE,31,0
27,SPEAKER_DISCRETE,32,1
27,SPEAKER_DISCRETE,33,1
27,SPEAKER_DISCRETE,34,1
27,SPEAKER_DISCRETE,35,1
27,SPEAKER_DISCRETE,36,0
27,SPEAKER_DISCRETE,37,1
27,SPEAKER_DISCRETE,38,0
27,SPEAKER_DISCRETE,39,1
27,SPEAKER_DISCRETE,40,1
27,SPEAKER_DISCRETE,41,1
27,SPEAKER_DISCRETE,42,0
27,SPEAKER_DISCRETE,43,1
27,SPEAKER_DISCRETE,44,1
27,SPEAKER_DISCRETE,45,0
27,SPEAKER_DISCRETE,46,1
27,SPEAKER_DISCRETE,47,0
27,SPEAKER_DISCRETE,48,1
27,SPEAKER_DISCRETE,49,1
27,SPEAKER_DISCRETE,50,1
27,SPEAKER_DISCRETE,51,1
27,SPEAKER_DISCRETE,52,1
27,SPEAKER_DISCRETE,53,0
27,SPEAKER_DISCRETE,54,1
27,SPEAKER_DISCRETE,55,0
27,SPEAKER_DISCRETE,56,1
27,SPEAKER_DISCRETE,57,1
27,SPEAKER_DISCRETE,58,1
27,SPEAKER_DISCRETE,59,1
27,SPEAKER_DISCRETE,60,1
27,SPEAKER_DISCRETE,61,0
27,SPEAKER_DISCRETE,62,1
27,SPEAKER_DISCRETE,63,0
27,SPEAKER_DISCRETE,64,1
27,SPEAKER_DISCRETE,65,0
27,SPEAKER_DISCRETE,66,0
27,SPEAKER_DISCRETE,67,1
27,SPEAKER_DISCRETE,68,0
27,SPEAKER_DISCRETE,69,0
27,SPEAKER_DISCRETE,70,1
27,SPEAKER_DISCRETE,71,0
27,SPEAKER_DISCRETE,72,1
27,SPEAKER_DISCRETE,73,1
27,SPEAKER_DISCRETE,74,1
27,SPEAKER_DISCRETE,75,0
27,SPEAKER_DISCRETE,76,1
27,SPEAKER_DISCRETE,77,0
27,SPEAKER_DISCRETE,78,0
27,SPEAKER_DISCRETE,79,1
27,SPEAKER_DISCRETE,80,1
27,SPEAKER_DISCRETE,81,1
27,SPEAKER_DISCRETE,82,0
27,SPEAKER_DISCRETE,83,1
27,SPEAKER_DISCRETE,84,1
27,SPEAKER_DISCRETE,85,0
27,SPEAKER_DISCRETE,86,1
27,SPEAKER_DISCRETE,87,1
27,SPEAKER_DISCRETE,88,1
27,SPEAKER_DISCRETE,89,0
27,SPEAKER_DISCRETE,90,0
27,SPEAKER_DISCRETE,91,0
27,SPEAKER_DISCRETE,92,0
27,SPEAKER_DISCRETE,93,1
27,SPEAKER_DISCRETE,94,0
27,SPEAKER_DISCRETE,95,1
27,SPEAKER_DISCRETE,96,0
27,SPEAKER_DISCRETE,97,1
27,SPEAKER_DISCRETE,98,0
27,SPEAKER_DISCRETE,99,1
27,SPEAKER_DISCRETE,100,1
28,SPEAKER_DISCRETE,1,0
28,SPEAKER_DISCRETE,2,1
28,SPEAKER_DISCRETE,3,0
28,SPEAKER_DISCRETE,4,1
28,SPEAKER_DISCRETE,5,0
28,SPEAKER_DISCRETE,6,1
28,SPEAKER_DISCRETE,7,1
28,SPEAKER_DISCRETE,8,0
28,SPEAKER_DISCRETE,9,1
28,SPEAKER_DISCRETE,10,0
28,SPEAKER_DISCRETE,11,0
28,SPEAKER_DISCRETE,12,0
28,SPEAKER_DISCRETE,13,1
28,SPEAKER_DISCRETE,14,0
28,SPEAKER_DISCRETE,15,1
28,SPEAKER_DISCRETE,16,0
28,SPEAKER_DISCRETE,17,1
28,SPEAKER_DISCRETE,18,1
28,SPEAKER_DISCRETE,19,0
28,SPEAKER_DISCRETE,20,0
28,SPEAKER_DISCRETE,21,0
28,SPEAKER_DISCRETE,22,1
28,SPEAKER_DISCRETE,23,0
28,SPEAKER_DISCRETE,24,0
28,SPEAKER_DISCRETE,25,0
28,SPEAKER_DISCRETE,26,1
28,SPEAKER_DISCRETE,27,0
28,SPEAKER_DISCRETE,28,1
28,SPEAKER_DISCRETE,29,0
28,SPEAKER_DISCRETE,30,1
28,SPEAKER_DISCRETE,31,0
28,SPEAKER_DISCRETE,32,0
28,SPEAKER_DISCRETE,33,1
28,SPEAKER_DISCRETE,34,1
28,SPEAKER_DISCRETE,35,0
28,SPEAKER_DISCRETE,36,1
28,SPEAKER_DISCRETE,37,0
28,SPEAKER_DISCRETE,38,0
28,SPEAKER_DISCRETE,39,1
28,SPEAKER_DISCRETE,40,1
28,SPEAKER_DISCRETE,41,0
28,SPEAKER_DISCRETE,42,1
28,SPEAKER_DISCRETE,43,1
28,SPEAKER_DISCRETE,44,0
28,SPEAKER_DISCRETE,45,0
28,SPEAKER_DISCRETE,46,1
28,SPEAKER_DISCRETE,47,1
28,SPEAKER_DISCRETE,48,0
28,SPEAKER_DISCRETE,49,1
28,SPEAKER_DISCRETE,50,1
28,SPEAKER_DISCRETE,51,0
28,SPEAKER_DISCRETE,52,1
28,SPEAKER_DISCRETE,53,0
28,SPEAKER_DISCRETE,54,1
28,SPEAKER_DISCRETE,55,0
28,SPEAKER_DISCRETE,56,1
28,SPEAKER_DISCRETE,57,0
28,SPEAKER_DISCRETE,58,0
28,SPEAKER_DISCRETE,59,1
28,SPEAKER_DISCRETE,60,0
28,SPEAKER_DISCRETE,61,1
28,SPEAKER_DISCRETE,62,1
28,SPEAKER_DISCRETE,63,1
28,SPEAKER_DISCRETE,64,0
28,SPEAKER_DISCRETE,65,1
28,SPEAKER_DISCRETE,66,0
28,SPEAKER_DISCRETE,67,1
28,SPEAKER_DISCRETE,68,0
28,SPEAKER_DISCRETE,69,1
28,SPEAKER_DISCRETE,70,1
28,SPEAKER_DISCRETE,71,0
28,SPEAKER_DISCRETE,72,1
28,SPEAKER_DISCRETE,73,0
28,SPEAKER_DISCRETE,74,0
28,SPEAKER_DISCRETE,75,1
28,SPEAKER_DISCRETE,76,0
28,SPEAKER_DISCRETE,77,0
28,SPEAKER_DISCRETE,78,1
28,SPEAKER_DISCRETE,79,1
28,SPEAKER_DISCRETE,80,0
28,SPEAKER_DISCRETE,81,0
28,SPEAKER_DISCRETE,82,0
28,SPEAKER_DISCRETE,83,1
28,SPEAKER_DISCRETE,84,0
28,SPEAKER_DISCRETE,85,0
28,SPEAKER_DISCRETE,86,0
28,SPEAKER_DISCRETE,87,1
28,SPEAKER_DISCRETE,88,1
28,SPEAKER_DISCRETE,89,1
28,SPEAKER_DISCRETE,90,1
28,SPEAKER_DISCRETE,91,0
28,SPEAKER_DISCRETE,92,1
28,SPEAKER_DISCRETE,93,1
28,SPEAKER_DISCRETE,94,0
28,SPEAKER_DISCRETE,95,0
28,SPEAKER_DISCRETE,96,1
28,SPEAKER_DISCRETE,97,0
28,SPEAKER_DISCRETE,98,0
28,SPEAKER_DISCRETE,99,0
28,SPEAKER_DISCRETE,100,0
29,SPEAKER_DISCRETE,1,0
29,SPEAKER_DISCRETE,2,1
29,SPEAKER_DISCRETE,3,0
29,SPEAKER_DISCRETE,4,1
29,SPEAKER_DISCRETE,5,1
29,SPEAKER_DISCRETE,6,1
29,SPEAKER_DISCRETE,7,0
29,SPEAKER_DISCRETE,8,1
29,SPEAKER_DISCRETE,9,0
29,SPEAKER_DISCRETE,10,1
29,SPEAKER_DISCRETE,11,1
29,SPEAKER_DISCRETE,12,1
29,SPEAKER_DISCRETE,13,0
29,SPEAKER_DISCRETE,14,1
29,SPEAKER_DISCRETE,15,0
29,SPEAKER_DISCRETE,16,1
29,SPEAKER_DISCRETE,17,1
29,SPEAKER_DISCRETE,18,0
29,SPEAKER_DISCRETE,19,1
29,SPEAKER_DISCRETE,20,0
29,SPEAKER_DISCRETE,21,0
29,SPEAKER_DISCRETE,22,1
29,SPEAKER_DISCRETE,23,0
29,SPEAKER_DISCRETE,24,1
29,SPEAKER_DISCRETE,25,1
29,SPEAKER_DISCRETE,26,1
29,SPEAKER_DISCRETE,27,1
29,SPEAKER_DISCRETE,28,0
29,SPEAKER_DISCRETE,29,1
29,SPEAKER_DISCRETE,30,1
29,SPEAKER_DISCRETE,31,1
29,SPEAKER_DISCRETE,32,0
29,SPEAKER_DISCRETE,33,0
29,SPEAKER_DISCRETE,34,1
29,SPEAKER_DISCRETE,35,0
29,SPEAKER_DISCRETE,36,1
29,SPEAKER_DISCRETE,37,1
29,SPEAKER_DISCRETE,38,0
29,SPEAKER_DISCRETE,39,1
29,SPEAKER_DISCRETE,40,0
29,SPEAKER_DISCRETE,41,0
29,SPEAKER_DISCRETE,42,0
29,SPEAKER_DISCRETE,43,0
29,SPEAKER_DISCRETE,44,1
29,SPEAKER_DISCRETE,45,0
29,SPEAKER_DISCRETE,46,0
29,SPEAKER_DISCRETE,47,0
29,SPEAKER_DISCRETE,48,1
29,SPEAKER_DISCRETE,49,0
29,SPEAKER_DISCRETE,50,1
29,SPEAKER_DISCRETE,51,1
29,SPEAKER_DISCRETE,52,0
29,SPEAKER_DISCRETE,53,0
29,SPEAKER_DISCRETE,54,1
29,SPEAKER_DISCRETE,55,1
29,SPEAKER_DISCRETE,56,0
29,SPEAKER_DISCRETE,57,0
29,SPEAKER_DISCRETE,58,0
29,SPEAKER_DISCRETE,59,1
29,SPEAKER_DISCRETE,60,0
29,SPEAKER_DISCRETE,61,0
29,SPEAKER_DISCRETE,62,0
29,SPEAKER_DISCRETE,63,0
29,SPEAKER_DISCRETE,64,0
29,SPEAKER_DISCRETE,65,0
29,SPEAKER_DISCRETE,66,0
29,SPEAKER_DISCRETE,67,0
29,SPEAKER_DISCRETE,68,1
29,SPEAKER_DISCRETE,69,1
29,SPEAKER_DISCRETE,70,1
29,SPEAKER_DISCRETE,71,0
29,SPEAKER_DISCRETE,72,1
29,SPEAKER_DISCRETE,73,1
29,SPEAKER_DISCRETE,74,1
29,SPEAKER_DISCRETE,75,1
29,SPEAKER_DISCRETE,76,0
29,SPEAKER_DISCRETE,77,0
29,SPEAKER_DISCRETE,78,1
29,SPEAKER_DISCRETE,79,0
29,SPEAKER_DISCRETE,80,1
29,SPEAKER_DISCRETE,81,0
29,SPEAKER_DISCRETE,82,1
29,SPEAKER_DISCRETE,83,1
29,SPEAKER_DISCRETE,84,1
29,SPEAKER_DISCRETE,85,0
29,SPEAKER_DISCRETE,86,1
29,SPEAKER_DISCRETE,87,0
29,SPEAKER_DISCRETE,88,1
29,SPEAKER_DISCRETE,89,0
29,SPEAKER_DISCRETE,90,1
29,SPEAKER_DISCRETE,91,0
29,SPEAKER_DISCRETE,92,0
29,SPEAKER_DISCRETE,93,0
29,SPEAKER_DISCRETE,94,1
29,SPEAKER_DISCRETE,95,0
29,SPEAKER_DISCRETE,96,0
29,SPEAKER_DISCRETE,97,1
29,SPEAKER_DISCRETE,98,0
29,SPEAKER_DISCRETE,99,1
29,SPEAKER_DISCRETE,100,0
30,MOTOR_DISCRETE,1,1
30,MOTOR_DISCRETE,2,0
30,MOTOR_DISCRETE,3,1
30,MOTOR_DISCRETE,4,0
30,MOTOR_DISCRETE,5,1
30,MOTOR_DISCRETE,6,1
30,MOTOR_DISCRETE,7,0
30,MOTOR_DISCRETE,8,0
30,MOTOR_DISCRETE,9,1
30,MOTOR_DISCRETE,10,1
30,MOTOR_DISCRETE,11,1
30,MOTOR_DISCRETE,12,1
30,MOTOR_DISCRETE,13,0
30,MOTOR_DISCRETE,14,1
30,MOTOR_DISCRETE,15,0
30,MOTOR_DISCRETE,16,0
30,MOTOR_DISCRETE,17,1
30,MOTOR_DISCRETE,18,0
30,MOTOR_DISCRETE,19,0
30,MOTOR_DISCRETE,20,1
30,MOTOR_DISCRETE,21,0
30,MOTOR_DISCRETE,22,1
30,MOTOR_DISCRETE,23,0
30,MOTOR_DISCRETE,24,0
30,MOTOR_DISCRETE,25,1
30,MOTOR_DISCRETE,26,0
30,MOTOR_DISCRETE,27,1
30,MOTOR_DISCRETE,28,1
30,MOTOR_DISCRETE,29,1
30,MOTOR_DISCRETE,30,1
30,MOTOR_DISCRETE,31,0
30,MOTOR_DISCRETE,32,1
30,MOTOR_DISCRETE,33,0
30,MOTOR_DISCRETE,34,0
30,MOTOR_DISCRETE,35,0
30,MOTOR_DISCRETE,36,1
30,MOTOR_DISCRETE,37,0
30,MOTOR_DISCRETE,38,1
30,MOTOR_DISCRETE,39,0
30,MOTOR_DISCRETE,40,0
30,MOTOR_DISCRETE,41,1
30,MOTOR_DISCRETE,42,1
30,MOTOR_DISCRETE,43,1
30,MOTOR_DISCRETE,44,0
30,MOTOR_DISCRETE,45,1
30,MOTOR_DISCRETE,46,0
30,MOTOR_DISCRETE,47,1
30,MOTOR_DISCRETE,48,1
30,MOTOR_DISCRETE,49,0
30,MOTOR_DISCRETE,50,1
30,MOTOR_DISCRETE,51,0
30,MOTOR_DISCRETE,52,1
30,MOTOR_DISCRETE,53,1
30,MOTOR_DISCRETE,54,0
30,MOTOR_DISCRETE,55,1
30,MOTOR_DISCRETE,56,1
30,MOTOR_DISCRETE,57,0
30,MOTOR_DISCRETE,58,0
30,MOTOR_DISCRETE,59,1
30,MOTOR_DISCRETE,60,0
30,MOTOR_DISCRETE,61,1
30,MOTOR_DISCRETE,62,1
30,MOTOR_DISCRETE,63,1
30,MOTOR_DISCRETE,64,0
30,MOTOR_DISCRETE,65,0
30,MOTOR_DISCRETE,66,0
30,MOTOR_DISCRETE,67,0
30,MOTOR_DISCRETE,68,1
30,MOTOR_DISCRETE,69,0
30,MOTOR_DISCRETE,70,1
30,MOTOR_DISCRETE,71,1
30,MOTOR_DISCRETE,72,1
30,MOTOR_DISCRETE,73,0
30,MOTOR_DISCRETE,74,0
30,MOTOR_DISCRETE,75,0
30,MOTOR_DISCRETE,76,1
30,MOTOR_DISCRETE,77,0
30,MOTOR_DISCRETE,78,0
30,MOTOR_DISCRETE,79,1
30,MOTOR_DISCRETE,80,1
30,MOTOR_DISCRETE,81,1
30,MOTOR_DISCRETE,82,0
30,MOTOR_DISCRETE,83,1
30,MOTOR_DISCRETE,84,1
30,MOTOR_DISCRETE,85,0
30,MOTOR_DISCRETE,86,1
30,MOTOR_DISCRETE,87,0
30,MOTOR_DISCRETE,88,1
30,MOTOR_DISCRETE,89,1
30,MOTOR_DISCRETE,90,0
30,MOTOR_DISCRETE,91,1
30,MOTOR_DISCRETE,92,0
30,MOTOR_DISCRETE,93,1
30,MOTOR_DISCRETE,94,1
30,MOTOR_DISCRETE,95,0
30,MOTOR_DISCRETE,96,1
30,MOTOR_DISCRETE,97,0
30,MOTOR_DISCRETE,98,1
30,MOTOR_DISCRETE,99,1
30,MOTOR_DISCRETE,100,0
31,MOTOR_DISCRETE,1,0
31,MOTOR_DISCRETE,2,0
31,MOTOR_DISCRETE,3,1
31,MOTOR_DISCRETE,4,0
31,MOTOR_DISCRETE,5,1
31,MOTOR_DISCRETE,6,0
31,MOTOR_DISCRETE,7,1
31,MOTOR_DISCRETE,8,1
31,MOTOR_DISCRETE,9,0
31,MOTOR_DISCRETE,10,1
31,MOTOR_DISCRETE,11,0
31,MOTOR_DISCRETE,12,1
31,MOTOR_DISCRETE,13,1
31,MOTOR_DISCRETE,14,1
31,MOTOR_DISCRETE,15,0
31,MOTOR_DISCRETE,16,1
31,MOTOR_DISCRETE,17,1
31,MOTOR_DISCRETE,18,0
31,MOTOR_DISCRETE,19,1
31,MOTOR_DISCRETE,20,0
31,MOTOR_DISCRETE,21,1
31,MOTOR_DISCRETE,22,1
31,MOTOR_DISCRETE,23,1
31,MOTOR_DISCRETE,24,0
31,MOTOR_DISCRETE,25,1
31,MOTOR_DISCRETE,26,0
31,MOTOR_DISCRETE,27,1
31,MOTOR_DISCRETE,28,1
31,MOTOR_DISCRETE,29,1
31,MOTOR_DISCRETE,30,0
31,MOTOR_DISCRETE,31,1
31,MOTOR_DISCRETE,32,0
31,MOTOR_DISCRETE,33,1
31,MOTOR_DISCRETE,34,0
31,MOTOR_DISCRETE,35,1
31,MOTOR_DISCRETE,36,1
31,MOTOR_DISCRETE,37,0
31,MOTOR_DISCRETE,38,1
31,MOTOR_DISCRETE,39,1
31,MOTOR_DISCRETE,40,0
31,MOTOR_DISCRETE,41,1
31,MOTOR_DISCRETE,42,0
31,MOTOR_DISCRETE,43,0
31,MOTOR_DISCRETE,44,1
31,MOTOR_DISCRETE,45,0
31,MOTOR_DISCRETE,46,1
31,MOTOR_DISCRETE,47,0
31,MOTOR_DISCRETE,48,1
31,MOTOR_DISCRETE,49,0
31,MOTOR_DISCRETE,50,1
31,MOTOR_DISCRETE,51,1
31,MOTOR_DISCRETE,52,0
31,MOTOR_DISCRETE,53,0
31,MOTOR_DISCRETE,54,0
31,MOTOR_DISCRETE,55,1
31,MOTOR_DISCRETE,56,0
31,MOTOR_DISCRETE,57,0
31,MOTOR_DISCRETE,58,0
31,MOTOR_DISCRETE,59,1
31,MOTOR_DISCRETE,60,0
31,MOTOR_DISCRETE,61,1
31,MOTOR_DISCRETE,62,0
31,MOTOR_DISCRETE,63,0
31,MOTOR_DISCRETE,64,1
31,MOTOR_DISCRETE,65,0
31,MOTOR_DISCRETE,66,0
31,MOTOR_DISCRETE,67,1
31,MOTOR_DISCRETE,68,0
31,MOTOR_DISCRETE,69,1
31,MOTOR_DISCRETE,70,0
31,MOTOR_DISCRETE,71,1
31,MOTOR_DISCRETE,72,0
31,MOTOR_DISCRETE,73,1
31,MOTOR_DISCRETE,74,0
31,MOTOR_DISCRETE,75,1
31,MOTOR_DISCRETE,76,0
31,MOTOR_DISCRETE,77,1
31,MOTOR_DISCRETE,78,0
31,MOTOR_DISCRETE,79,0
31,MOTOR_DISCRETE,80,1
31,MOTOR_DISCRETE,81,1
31,MOTOR_DISCRETE,82,0
31,MOTOR_DISCRETE,83,0
31,MOTOR_DISCRETE,84,0
31,MOTOR_DISCRETE,85,1
31,MOTOR_DISCRETE,86,0
31,MOTOR_DISCRETE,87,1
31,MOTOR_DISCRETE,88,1
31,MOTOR_DISCRETE,89,1
31,MOTOR_DISCRETE,90,0
31,MOTOR_DISCRETE,91,0
31,MOTOR_DISCRETE,92,1
31,MOTOR_DISCRETE,93,0
31,MOTOR_DISCRETE,94,0
31,MOTOR_DISCRETE,95,1
31,MOTOR_DISCRETE,96,1
31,MOTOR_DISCRETE,97,0
31,MOTOR_DISCRETE,98,0
31,MOTOR_DISCRETE,99,0
31,MOTOR_DISCRETE,100,1
32,MOTOR_DISCRETE,1,1
32,MOTOR_DISCRETE,2,0
32,MOTOR_DISCRETE,3,1
32,MOTOR_DISCRETE,4,0
32,MOTOR_DISCRETE,5,1
32,MOTOR_DISCRETE,6,0
32,MOTOR_DISCRETE,7,1
32,MOTOR_DISCRETE,8,0
32,MOTOR_DISCRETE,9,1
32,MOTOR_DISCRETE,10,0
32,MOTOR_DISCRETE,11,0
32,MOTOR_DISCRETE,12,1
32,MOTOR_DISCRETE,13,1
32,MOTOR_DISCRETE,14,0
32,MOTOR_DISCRETE,15,1
32,MOTOR_DISCRETE,16,1
32,MOTOR_DISCRETE,17,1
32,MOTOR_DISCRETE,18,1
32,MOTOR_DISCRETE,19,0
32,MOTOR_DISCRETE,20,0
32,MOTOR_DISCRETE,21,0
32,MOTOR_DISCRETE,22,0
32,MOTOR_DISCRETE,23,0
32,MOTOR_DISCRETE,24,1
32,MOTOR_DISCRETE,25,0
32,MOTOR_DISCRETE,26,0
32,MOTOR_DISCRETE,27,0
32,MOTOR_DISCRETE,28,1
32,MOTOR_DISCRETE,29,1
32,MOTOR_DISCRETE,30,1
32,MOTOR_DISCRETE,31,1
32,MOTOR_DISCRETE,32,0
32,MOTOR_DISCRETE,33,1
32,MOTOR_DISCRETE,34,1
32,MOTOR_DISCRETE,35,0
32,MOTOR_DISCRETE,36,1
32,MOTOR_DISCRETE,37,0
32,MOTOR_DISCRETE,38,0
32,MOTOR_DISCRETE,39,1
32,MOTOR_DISCRETE,40,0
32,MOTOR_DISCRETE,41,0
32,MOTOR_DISCRETE,42,1
32,MOTOR_DISCRETE,43,1
32,MOTOR_DISCRETE,44,0
32,MOTOR_DISCRETE,45,1
32,MOTOR_DISCRETE,46,0
32,MOTOR_DISCRETE,47,1
32,MOTOR_DISCRETE,48,0
32,MOTOR_DISCRETE,49,1
32,MOTOR_DISCRETE,50,1
32,MOTOR_DISCRETE,51,1
32,MOTOR_DISCRETE,52,1
32,MOTOR_DISCRETE,53,1
32,MOTOR_DISCRETE,54,0
32,MOTOR_DISCRETE,55,0
32,MOTOR_DISCRETE,56,0
32,MOTOR_DISCRETE,57,0
32,MOTOR_DISCRETE,58,0
32,MOTOR_DISCRETE,59,1
32,MOTOR_DISCRETE,60,0
32,MOTOR_DISCRETE,61,0
32,MOTOR_DISCRETE,62,1
32,MOTOR_DISCRETE,63,0
32,MOTOR_DISCRETE,64,1
32,MOTOR_DISCRETE,65,1
32,MOTOR_DISCRETE,66,0
32,MOTOR_DISCRETE,67,1
32,MOTOR_DISCRETE,68,0
32,MOTOR_DISCRETE,69,1
32,MOTOR_DISCRETE,70,1
32,MOTOR_DISCRETE,71,0
32,MOTOR_DISCRETE,72,1
32,MOTOR_DISCRETE,73,1
32,MOTOR_DISCRETE,74,1
32,MOTOR_DISCRETE,75,1
32,MOTOR_DISCRETE,76,0
32,MOTOR_DISCRETE,77,1
32,MOTOR_DISCRETE,78,0
32,MOTOR_DISCRETE,79,1
32,MOTOR_DISCRETE,80,0
32,MOTOR_DISCRETE,81,1
32,MOTOR_DISCRETE,82,1
32,MOTOR_DISCRETE,83,0
32,MOTOR_DISCRETE,84,1
32,MOTOR_DISCRETE,85,1
32,MOTOR_DISCRETE,86,0
32,MOTOR_DISCRETE,87,0
32,MOTOR_DISCRETE,88,0
32,MOTOR_DISCRETE,89,0
32,MOTOR_DISCRETE,90,0
32,MOTOR_DISCRETE,91,0
32,MOTOR_DISCRETE,92,1
32,MOTOR_DISCRETE,93,0
32,MOTOR_DISCRETE,94,1
32,MOTOR_DISCRETE,95,0
32,MOTOR_DISCRETE,96,1
32,MOTOR_DISCRETE,97,0
32,MOTOR_DISCRETE,98,1
32,MOTOR_DISCRETE,99,0
32,MOTOR_DISCRETE,100,0
33,MOTOR_DISCRETE,1,0
33,MOTOR_DISCRETE,2,1
33,MOTOR_DISCRETE,3,0
33,MOTOR_DISCRETE,4,1
33,MOTOR_DISCRETE,5,0
33,MOTOR_DISCRETE,6,1
33,MOTOR_DISCRETE,7,1
33,MOTOR_DISCRETE,8,0
33,MOTOR_DISCRETE,9,1
33,MOTOR_DISCRETE,10,0
33,MOTOR_DISCRETE,11,1
33,MOTOR_DISCRETE,12,1
33,MOTOR_DISCRETE,13,0
33,MOTOR_DISCRETE,14,1
33,MOTOR_DISCRETE,15,0
33,MOTOR_DISCRETE,16,1
33,MOTOR_DISCRETE,17,1
33,MOTOR_DISCRETE,18,0
33,MOTOR_DISCRETE,19,0
33,MOTOR_DISCRETE,20,0
33,MOTOR_DISCRETE,21,0
33,MOTOR_DISCRETE,22,1
33,MOTOR_DISCRETE,23,1
33,MOTOR_DISCRETE,24,0
33,MOTOR_DISCRETE,25,1
33,MOTOR_DISCRETE,26,1
33,MOTOR_DISCRETE,27,1
33,MOTOR_DISCRETE,28,0
33,MOTOR_DISCRETE,29,0
33,MOTOR_DISCRETE,30,1
33,MOTOR_DISCRETE,31,0
33,MOTOR_DISCRETE,32,1
33,MOTOR_DISCRETE,33,0
33,MOTOR_DISCRETE,34,1
33,MOTOR_DISCRETE,35,0
33,MOTOR_DISCRETE,36,1
33,MOTOR_DISCRETE,37,0
33,MOTOR_DISCRETE,38,0
33,MOTOR_DISCRETE,39,1
33,MOTOR_DISCRETE,40,1
33,MOTOR_DISCRETE,41,0
33,MOTOR_DISCRETE,42,0
33,MOTOR_DISCRETE,43,1
33,MOTOR_DISCRETE,44,0
33,MOTOR_DISCRETE,45,0
33,MOTOR_DISCRETE,46,1
33,MOTOR_DISCRETE,47,0
33,MOTOR_DISCRETE,48,0
33,MOTOR_DISCRETE,49,0
33,MOTOR_DISCRETE,50,1
33,MOTOR_DISCRETE,51,1
33,MOTOR_DISCRETE,52,0
33,MOTOR_DISCRETE,53,1
33,MOTOR_DISCRETE,54,0
33,MOTOR_DISCRETE,55,1
33,MOTOR_DISCRETE,56,1
33,MOTOR_DISCRETE,57,0
33,MOTOR_DISCRETE,58,1
33,MOTOR_DISCRETE,59,0
33,MOTOR_DISCRETE,60,0
33,MOTOR_DISCRETE,61,1
33,MOTOR_DISCRETE,62,0
33,MOTOR_DISCRETE,63,1
33,MOTOR_DISCRETE,64,0
33,MOTOR_DISCRETE,65,1
33,MOTOR_DISCRETE,66,0
33,MOTOR_DISCRETE,67,1
33,MOTOR_DISCRETE,68,1
33,MOTOR_DISCRETE,69,0
33,MOTOR_DISCRETE,70,1
33,MOTOR_DISCRETE,71,1
33,MOTOR_DISCRETE,72,1
33,MOTOR_DISCRETE,73,0
33,MOTOR_DISCRETE,74,1
33,MOTOR_DISCRETE,75,1
33,MOTOR_DISCRETE,76,1
33,MOTOR_DISCRETE,77,1
33,MOTOR_DISCRETE,78,1
33,MOTOR_DISCRETE,79,0
33,MOTOR_DISCRETE,80,1
33,MOTOR_DISCRETE,81,0
33,MOTOR_DISCRETE,82,1
33,MOTOR_DISCRETE,83,0
33,MOTOR_DISCRETE,84,0
33,MOTOR_DISCRETE,85,1
33,MOTOR_DISCRETE,86,1
33,MOTOR_DISCRETE,87,0
33,MOTOR_DISCRETE,88,0
33,MOTOR_DISCRETE,89,1
33,MOTOR_DISCRETE,90,1
33,MOTOR_DISCRETE,91,1
33,MOTOR_DISCRETE,92,1
33,MOTOR_DISCRETE,93,0
33,MOTOR_DISCRETE,94,1
33,MOTOR_DISCRETE,95,0
33,MOTOR_DISCRETE,96,0
33,MOTOR_DISCRETE,97,1
33,MOTOR_DISCRETE,98,1
33,MOTOR_DISCRETE,99,1
33,MOTOR_DISCRETE,100,0
34,MOTOR_DISCRETE,1,0
34,MOTOR_DISCRETE,2,0
34,MOTOR_DISCRETE,3,0
34,MOTOR_DISCRETE,4,1
34,MOTOR_DISCRETE,5,0
34,MOTOR_DISCRETE,6,1
34,MOTOR_DISCRETE,7,0
34,MOTOR_DISCRETE,8,0
34,MOTOR_DISCRETE,9,1
34,MOTOR_DISCRETE,10,0
34,MOTOR_DISCRETE,11,1
34,MOTOR_DISCRETE,12,0
34,MOTOR_DISCRETE,13,0
34,MOTOR_DISCRETE,14,1
34,MOTOR_DISCRETE,15,0
34,MOTOR_DISCRETE,16,1
34,MOTOR_DISCRETE,17,0
34,MOTOR_DISCRETE,18,1
34,MOTOR_DISCRETE,19,0
34,MOTOR_DISCRETE,20,1
34,MOTOR_DISCRETE,21,0
34,MOTOR_DISCRETE,22,1
34,MOTOR_DISCRETE,23,1
34,MOTOR_DISCRETE,24,0
34,MOTOR_DISCRETE,25,1
34,MOTOR_DISCRETE,26,0
34,MOTOR_DISCRETE,27,1
34,MOTOR_DISCRETE,28,0
34,MOTOR_DISCRETE,29,1
34,MOTOR_DISCRETE,30,1
34,MOTOR_DISCRETE,31,1
34,MOTOR_DISCRETE,32,1
34,MOTOR_DISCRETE,33,0
34,MOTOR_DISCRETE,34,1
34,MOTOR_DISCRETE,35,0
34,MOTOR_DISCRETE,36,1
34,MOTOR_DISCRETE,37,0
34,MOTOR_DISCRETE,38,1
34,MOTOR_DISCRETE,39,0
34,MOTOR_DISCRETE,40,1
34,MOTOR_DISCRETE,41,1
34,MOTOR_DISCRETE,42,1
34,MOTOR_DISCRETE,43,0
34,MOTOR_DISCRETE,44,1
34,MOTOR_DISCRETE,45,0
34,MOTOR_DISCRETE,46,1
34,MOTOR_DISCRETE,47,0
34,MOTOR_DISCRETE,48,1
34,MOTOR_DISCRETE,49,0
34,MOTOR_DISCRETE,50,1
34,MOTOR_DISCRETE,51,0
34,MOTOR_DISCRETE,52,1
34,MOTOR_DISCRETE,53,1
34,MOTOR_DISCRETE,54,0
34,MOTOR_DISCRETE,55,1
34,MOTOR_DISCRETE,56,0
34,MOTOR_DISCRETE,57,0
34,MOTOR_DISCRETE,58,1
34,MOTOR_DISCRETE,59,0
34,MOTOR_DISCRETE,60,1
34,MOTOR_DISCRETE,61,1
34,MOTOR_DISCRETE,62,1
34,MOTOR_DISCRETE,63,0
34,MOTOR_DISCRETE,64,1
34,MOTOR_DISCRETE,65,1
34,MOTOR_DISCRETE,66,0
34,MOTOR_DISCRETE,67,0
34,MOTOR_DISCRETE,68,1
34,MOTOR_DISCRETE,69,0
34,MOTOR_DISCRETE,70,0
34,MOTOR_DISCRETE,71,0
34,MOTOR_DISCRETE,72,0
34,MOTOR_DISCRETE,73,1
34,MOTOR_DISCRETE,74,0
34,MOTOR_DISCRETE,75,1
34,MOTOR_DISCRETE,76,1
34,MOTOR_DISCRETE,77,0
34,MOTOR_DISCRETE,78,0
34,MOTOR_DISCRETE,79,1
34,MOTOR_DISCRETE,80,1
34,MOTOR_DISCRETE,81,1
34,MOTOR_DISCRETE,82,1
34,MOTOR_DISCRETE,83,0
34,MOTOR_DISCRETE,84,0
34,MOTOR_DISCRETE,85,1
34,MOTOR_DISCRETE,86,0
34,MOTOR_DISCRETE,87,1
34,MOTOR_DISCRETE,88,0
34,MOTOR_DISCRETE,89,0
34,MOTOR_DISCRETE,90,0
34,MOTOR_DISCRETE,91,1
34,MOTOR_DISCRETE,92,1
34,MOTOR_DISCRETE,93,1
34,MOTOR_DISCRETE,94,0
34,MOTOR_DISCRETE,95,1
34,MOTOR_DISCRETE,96,0
34,MOTOR_DISCRETE,97,1
34,MOTOR_DISCRETE,98,0
34,MOTOR_DISCRETE,99,0
34,MOTOR_DISCRETE,100,1
35,MOTOR_DISCRETE,1,0
35,MOTOR_DISCRETE,2,1
35,MOTOR_DISCRETE,3,0
35,MOTOR_DISCRETE,4,0
35,MOTOR_DISCRETE,5,1
35,MOTOR_DISCRETE,6,0
35,MOTOR_DISCRETE,7,1
35,MOTOR_DISCRETE,8,0
35,MOTOR_DISCRETE,9,1
35,MOTOR_DISCRETE,10,0
35,MOTOR_DISCRETE,11,1
35,MOTOR_DISCRETE,12,0
35,MOTOR_DISCRETE,13,0
35,MOTOR_DISCRETE,14,1
35,MOTOR_DISCRETE,15,0
35,MOTOR_DISCRETE,16,0
35,MOTOR_DISCRETE,17,1
35,MOTOR_DISCRETE,18,1
35,MOTOR_DISCRETE,19,0
35,MOTOR_DISCRETE,20,0
35,MOTOR_DISCRETE,21,1
35,MOTOR_DISCRETE,22,0
35,MOTOR_DISCRETE,23,1
35,MOTOR_DISCRETE,24,0
35,MOTOR_DISCRETE,25,1
35,MOTOR_DISCRETE,26,0
35,MOTOR_DISCRETE,27,1
35,MOTOR_DISCRETE,28,0
35,MOTOR_DISCRETE,29,1
35,MOTOR_DISCRETE,30,1
35,MOTOR_DISCRETE,31,1
35,MOTOR_DISCRETE,32,0
35,MOTOR_DISCRETE,33,1
35,MOTOR_DISCRETE,34,0
35,MOTOR_DISCRETE,35,1
35,MOTOR_DISCRETE,36,0
35,MOTOR_DISCRETE,37,0
35,MOTOR_DISCRETE,38,1
35,MOTOR_DISCRETE,39,1
35,MOTOR_DISCRETE,40,0
35,MOTOR_DISCRETE,41,0
35,MOTOR_DISCRETE,42,1
35,MOTOR_DISCRETE,43,0
35,MOTOR_DISCRETE,44,0
35,MOTOR_DISCRETE,45,1
35,MOTOR_DISCRETE,46,0
35,MOTOR_DISCRETE,47,0
35,MOTOR_DISCRETE,48,0
35,MOTOR_DISCRETE,49,1
35,MOTOR_DISCRETE,50,1
35,MOTOR_DISCRETE,51,0
35,MOTOR_DISCRETE,52,1
35,MOTOR_DISCRETE,53,0
35,MOTOR_DISCRETE,54,0
35,MOTOR_DISCRETE,55,1
35,MOTOR_DISCRETE,56,0
35,MOTOR_DISCRETE,57,1
35,MOTOR_DISCRETE,58,0
35,MOTOR_DISCRETE,59,1
35,MOTOR_DISCRETE,60,0
35,MOTOR_DISCRETE,61,0
35,MOTOR_DISCRETE,62,1
35,MOTOR_DISCRETE,63,1
35,MOTOR_DISCRETE,64,0
35,MOTOR_DISCRETE,65,1
35,MOTOR_DISCRETE,66,0
35,MOTOR_DISCRETE,67,1
35,MOTOR_DISCRETE,68,1
35,MOTOR_DISCRETE,69,0
35,MOTOR_DISCRETE,70,1
35,MOTOR_DISCRETE,71,0
35,MOTOR_DISCRETE,72,1
35,MOTOR_DISCRETE,73,0
35,MOTOR_DISCRETE,74,1
35,MOTOR_DISCRETE,75,1
35,MOTOR_DISCRETE,76,0
35,MOTOR_DISCRETE,77,1
35,MOTOR_DISCRETE,78,0
35,MOTOR_DISCRETE,79,1
35,MOTOR_DISCRETE,80,0
35,MOTOR_DISCRETE,81,1
35,MOTOR_DISCRETE,82,0
35,MOTOR_DISCRETE,83,1
35,MOTOR_DISCRETE,84,0
35,MOTOR_DISCRETE,85,1
35,MOTOR_DISCRETE,86,0
35,MOTOR_DISCRETE,87,1
35,MOTOR_DISCRETE,88,0
35,MOTOR_DISCRETE,89,0
35,MOTOR_DISCRETE,90,1
35,MOTOR_DISCRETE,91,0
35,MOTOR_DISCRETE,92,1
35,MOTOR_DISCRETE,93,0
35,MOTOR_DISCRETE,94,1
35,MOTOR_DISCRETE,95,1
35,MOTOR_DISCRETE,96,0
35,MOTOR_DISCRETE,97,0
35,MOTOR_DISCRETE,98,1
35,MOTOR_DISCRETE,99,0
35,MOTOR_DISCRETE,100,1
36,MOTOR_DISCRETE,1,1
36,MOTOR_DISCRETE,2,0
36,MOTOR_DISCRETE,3,1
36,MOTOR_DISCRETE,4,1
36,MOTOR_DISCRETE,5,0
36,MOTOR_DISCRETE,6,1
36,MOTOR_DISCRETE,7,0
36,MOTOR_DISCRETE,8,1
36,MOTOR_DISCRETE,9,0
36,MOTOR_DISCRETE,10,0
36,MOTOR_DISCRETE,11,1
36,MOTOR_DISCRETE,12,0
36,MOTOR_DISCRETE,13,0
36,MOTOR_DISCRETE,14,1
36,MOTOR_DISCRETE,15,1
36,MOTOR_DISCRETE,16,1
36,MOTOR_DISCRETE,17,1
36,MOTOR_DISCRETE,18,0
36,MOTOR_DISCRETE,19,0
36,MOTOR_DISCRETE,20,1
36,MOTOR_DISCRETE,21,1
36,MOTOR_DISCRETE,22,0
36,MOTOR_DISCRETE,23,1
36,MOTOR_DISCRETE,24,0
36,MOTOR_DISCRETE,25,1
36,MOTOR_DISCRETE,26,0
36,MOTOR_DISCRETE,27,1
36,MOTOR_DISCRETE,28,0
36,MOTOR_DISCRETE,29,1
36,MOTOR_DISCRETE,30,0
36,MOTOR_DISCRETE,31,0
36,MOTOR_DISCRETE,32,1
36,MOTOR_DISCRETE,33,1
36,MOTOR_DISCRETE,34,1
36,MOTOR_DISCRETE,35,0
36,MOTOR_DISCRETE,36,1
36,MOTOR_DISCRETE,37,0
36,MOTOR_DISCRETE,38,1
36,MOTOR_DISCRETE,39,1
36,MOTOR_DISCRETE,40,1
36,MOTOR_DISCRETE,41,0
36,MOTOR_DISCRETE,42,1
36,MOTOR_DISCRETE,43,1
36,MOTOR_DISCRETE,44,0
36,MOTOR_DISCRETE,45,1
36,MOTOR_DISCRETE,46,0
36,MOTOR_DISCRETE,47,0
36,MOTOR_DISCRETE,48,1
36,MOTOR_DISCRETE,49,0
36,MOTOR_DISCRETE,50,1
36,MOTOR_DISCRETE,51,1
36,MOTOR_DISCRETE,52,1
36,MOTOR_DISCRETE,53,1
36,MOTOR_DISCRETE,54,0
36,MOTOR_DISCRETE,55,0
36,MOTOR_DISCRETE,56,0
36,MOTOR_DISCRETE,57,1
36,MOTOR_DISCRETE,58,0
36,MOTOR_DISCRETE,59,0
36,MOTOR_DISCRETE,60,1
36,MOTOR_DISCRETE,61,0
36,MOTOR_DISCRETE,62,1
36,MOTOR_DISCRETE,63,1
36,MOTOR_DISCRETE,64,0
36,MOTOR_DISCRETE,65,1
36,MOTOR_DISCRETE,66,1
36,MOTOR_DISCRETE,67,0
36,MOTOR_DISCRETE,68,1
36,MOTOR_DISCRETE,69,0
36,MOTOR_DISCRETE,70,1
36,MOTOR_DISCRETE,71,0
36,MOTOR_DISCRETE,72,1
36,MOTOR_DISCRETE,73,1
36,MOTOR_DISCRETE,74,0
36,MOTOR_DISCRETE,75,1
36,MOTOR_DISCRETE,76,0
36,MOTOR_DISCRETE,77,1
36,MOTOR_DISCRETE,78,0
36,MOTOR_DISCRETE,79,0
36,MOTOR_DISCRETE,80,0
36,MOTOR_DISCRETE,81,1
36,MOTOR_DISCRETE,82,0
36,MOTOR_DISCRETE,83,1
36,MOTOR_DISCRETE,84,1
36,MOTOR_DISCRETE,85,0
36,MOTOR_DISCRETE,86,0
36,MOTOR_DISCRETE,87,1
36,MOTOR_DISCRETE,88,1
36,MOTOR_DISCRETE,89,0
36,MOTOR_DISCRETE,90,1
36,MOTOR_DISCRETE,91,1
36,MOTOR_DISCRETE,92,0
36,MOTOR_DISCRETE,93,1
36,MOTOR_DISCRETE,94,1
36,MOTOR_DISCRETE,95,1
36,MOTOR_DISCRETE,96,0
36,MOTOR_DISCRETE,97,0
36,MOTOR_DISCRETE,98,1
36,MOTOR_DISCRETE,99,0
36,MOTOR_DISCRETE,100,1
37,MOTOR_DISCRETE,1,1
37,MOTOR_DISCRETE,2,1
37,MOTOR_DISCRETE,3,0
37,MOTOR_DISCRETE,4,1
37,MOTOR_DISCRETE,5,0
37,MOTOR_DISCRETE,6,1
37,MOTOR_DISCRETE,7,0
37,MOTOR_DISCRETE,8,1
37,MOTOR_DISCRETE,9,1
37,MOTOR_DISCRETE,10,1
37,MOTOR_DISCRETE,11,1
37,MOTOR_DISCRETE,12,0
37,MOTOR_DISCRETE,13,1
37,MOTOR_DISCRETE,14,0
37,MOTOR_DISCRETE,15,0
37,MOTOR_DISCRETE,16,0
37,MOTOR_DISCRETE,17,1
37,MOTOR_DISCRETE,18,1
37,MOTOR_DISCRETE,19,0
37,MOTOR_DISCRETE,20,1
37,MOTOR_DISCRETE,21,1
37,MOTOR_DISCRETE,22,1
37,MOTOR_DISCRETE,23,1
37,MOTOR_DISCRETE,24,0
37,MOTOR_DISCRETE,25,0
37,MOTOR_DISCRETE,26,0
37,MOTOR_DISCRETE,27,0
37,MOTOR_DISCRETE,28,0
37,MOTOR_DISCRETE,29,1
37,MOTOR_DISCRETE,30,0
37,MOTOR_DISCRETE,31,0
37,MOTOR_DISCRETE,32,1
37,MOTOR_DISCRETE,33,0
37,MOTOR_DISCRETE,34,1
37,MOTOR_DISCRETE,35,0
37,MOTOR_DISCRETE,36,1
37,MOTOR_DISCRETE,37,0
37,MOTOR_DISCRETE,38,0
37,MOTOR_DISCRETE,39,1
37,MOTOR_DISCRETE,40,1
37,MOTOR_DISCRETE,41,0
37,MOTOR_DISCRETE,42,1
37,MOTOR_DISCRETE,43,1
37,MOTOR_DISCRETE,44,0
37,MOTOR_DISCRETE,45,0
37,MOTOR_DISCRETE,46,1
37,MOTOR_DISCRETE,47,1
37,MOTOR_DISCRETE,48,1
37,MOTOR_DISCRETE,49,0
37,MOTOR_DISCRETE,50,0
37,MOTOR_DISCRETE,51,1
37,MOTOR_DISCRETE,52,1
37,MOTOR_DISCRETE,53,0
37,MOTOR_DISCRETE,54,1
37,MOTOR_DISCRETE,55,0
37,MOTOR_DISCRETE,56,0
37,MOTOR_DISCRETE,57,0
37,MOTOR_DISCRETE,58,1
37,MOTOR_DISCRETE,59,0
37,MOTOR_DISCRETE,60,1
37,MOTOR_DISCRETE,61,0
37,MOTOR_DISCRETE,62,1
37,MOTOR_DISCRETE,63,0
37,MOTOR_DISCRETE,64,1
37,MOTOR_DISCRETE,65,0
37,MOTOR_DISCRETE,66,0
37,MOTOR_DISCRETE,67,0
37,MOTOR_DISCRETE,68,1
37,MOTOR_DISCRETE,69,1
37,MOTOR_DISCRETE,70,0
37,MOTOR_DISCRETE,71,0
37,MOTOR_DISCRETE,72,1
37,MOTOR_DISCRETE,73,1
37,MOTOR_DISCRETE,74,0
37,MOTOR_DISCRETE,75,0
37,MOTOR_DISCRETE,76,1
37,MOTOR_DISCRETE,77,0
37,MOTOR_DISCRETE,78,0
37,MOTOR_DISCRETE,79,1
37,MOTOR_DISCRETE,80,0
37,MOTOR_DISCRETE,81,1
37,MOTOR_DISCRETE,82,0
37,MOTOR_DISCRETE,83,1
37,MOTOR_DISCRETE,84,0
37,MOTOR_DISCRETE,85,0
37,MOTOR_DISCRETE,86,1
37,MOTOR_DISCRETE,87,1
37,MOTOR_DISCRETE,88,1
37,MOTOR_DISCRETE,89,0
37,MOTOR_DISCRETE,90,0
37,MOTOR_DISCRETE,91,1
37,MOTOR_DISCRETE,92,1
37,MOTOR_DISCRETE,93,0
37,MOTOR_DISCRETE,94,1
37,MOTOR_DISCRETE,95,1
37,MOTOR_DISCRETE,96,0
37,MOTOR_DISCRETE,97,1
37,MOTOR_DISCRETE,98,1
37,MOTOR_DISCRETE,99,1
37,MOTOR_DISCRETE,100,1
38,MOTOR_DISCRETE,1,0
38,MOTOR_DISCRETE,2,1
38,MOTOR_DISCRETE,3,0
38,MOTOR_DISCRETE,4,1
38,MOTOR_DISCRETE,5,1
38,MOTOR_DISCRETE,6,0
38,MOTOR_DISCRETE,7,0
38,MOTOR_DISCRETE,8,1
38,MOTOR_DISCRETE,9,0
38,MOTOR_DISCRETE,10,0
38,MOTOR_DISCRETE,11,1
38,MOTOR_DISCRETE,12,1
38,MOTOR_DISCRETE,13,0
38,MOTOR_DISCRETE,14,0
38,MOTOR_DISCRETE,15,1
38,MOTOR_DISCRETE,16,1
38,MOTOR_DISCRETE,17,0
38,MOTOR_DISCRETE,18,0
38,MOTOR_DISCRETE,19,1
38,MOTOR_DISCRETE,20,0
38,MOTOR_DISCRETE,21,0
38,MOTOR_DISCRETE,22,1
38,MOTOR_DISCRETE,23,1
38,MOTOR_DISCRETE,24,0
38,MOTOR_DISCRETE,25,1
38,MOTOR_DISCRETE,26,0
38,MOTOR_DISCRETE,27,1
38,MOTOR_DISCRETE,28,0
38,MOTOR_DISCRETE,29,1
38,MOTOR_DISCRETE,30,0
38,MOTOR_DISCRETE,31,0
38,MOTOR_DISCRETE,32,0
38,MOTOR_DISCRETE,33,1
38,MOTOR_DISCRETE,34,0
38,MOTOR_DISCRETE,35,0
38,MOTOR_DISCRETE,36,1
38,MOTOR_DISCRETE,37,0
38,MOTOR_DISCRETE,38,1
38,MOTOR_DISCRETE,39,0
38,MOTOR_DISCRETE,40,0
38,MOTOR_DISCRETE,41,0
38,MOTOR_DISCRETE,42,1
38,MOTOR_DISCRETE,43,1
38,MOTOR_DISCRETE,44,1
38,MOTOR_DISCRETE,45,1
38,MOTOR_DISCRETE,46,0
38,MOTOR_DISCRETE,47,1
38,MOTOR_DISCRETE,48,0
38,MOTOR_DISCRETE,49,1
38,MOTOR_DISCRETE,50,1
38,MOTOR_DISCRETE,51,0
38,MOTOR_DISCRETE,52,0
38,MOTOR_DISCRETE,53,1
38,MOTOR_DISCRETE,54,1
38,MOTOR_DISCRETE,55,0
38,MOTOR_DISCRETE,56,1
38,MOTOR_DISCRETE,57,0
38,MOTOR_DISCRETE,58,1
38,MOTOR_DISCRETE,59,0
38,MOTOR_DISCRETE,60,0
38,MOTOR_DISCRETE,61,0
38,MOTOR_DISCRETE,62,0
38,MOTOR_DISCRETE,63,1
38,MOTOR_DISCRETE,64,1
38,MOTOR_DISCRETE,65,0
38,MOTOR_DISCRETE,66,0
38,MOTOR_DISCRETE,67,1
38,MOTOR_DISCRETE,68,1
38,MOTOR_DISCRETE,69,1
38,MOTOR_DISCRETE,70,1
38,MOTOR_DISCRETE,71,1
38,MOTOR_DISCRETE,72,1
38,MOTOR_DISCRETE,73,0
38,MOTOR_DISCRETE,74,1
38,MOTOR_DISCRETE,75,0
38,MOTOR_DISCRETE,76,0
38,MOTOR_DISCRETE,77,1
38,MOTOR_DISCRETE,78,0
38,MOTOR_DISCRETE,79,1
38,MOTOR_DISCRETE,80,1
38,MOTOR_DISCRETE,81,0
38,MOTOR_DISCRETE,82,0
38,MOTOR_DISCRETE,83,1
38,MOTOR_DISCRETE,84,0
38,MOTOR_DISCRETE,85,1
38,MOTOR_DISCRETE,86,0
38,MOTOR_DISCRETE,87,1
38,MOTOR_DISCRETE,88,0
38,MOTOR_DISCRETE,89,1
38,MOTOR_DISCRETE,90,1
38,MOTOR_DISCRETE,91,0
38,MOTOR_DISCRETE,92,1
38,MOTOR_DISCRETE,93,0
38,MOTOR_DISCRETE,94,1
38,MOTOR_DISCRETE,95,0
38,MOTOR_DISCRETE,96,1
38,MOTOR_DISCRETE,97,1
38,MOTOR_DISCRETE,98,0
38,MOTOR_DISCRETE,99,0
38,MOTOR_DISCRETE,100,0
39,MOTOR_DISCRETE,1,0
39,MOTOR_DISCRETE,2,1
39,MOTOR_DISCRETE,3,0
39,MOTOR_DISCRETE,4,0
39,MOTOR_DISCRETE,5,1
39,MOTOR_DISCRETE,6,0
39,MOTOR_DISCRETE,7,1
39,MOTOR_DISCRETE,8,0
39,MOTOR_DISCRETE,9,0
39,MOTOR_DISCRETE,10,0
39,MOTOR_DISCRETE,11,1
39,MOTOR_DISCRETE,12,1
39,MOTOR_DISCRETE,13,0
39,MOTOR_DISCRETE,14,0
39,MOTOR_DISCRETE,15,1
39,MOTOR_DISCRETE,16,0
39,MOTOR_DISCRETE,17,1
39,MOTOR_DISCRETE,18,0
39,MOTOR_DISCRETE,19,1
39,MOTOR_DISCRETE,20,0
39,MOTOR_DISCRETE,21,0
39,MOTOR_DISCRETE,22,0
39,MOTOR_DISCRETE,23,1
39,MOTOR_DISCRETE,24,0
39,MOTOR_DISCRETE,25,1
39,MOTOR_DISCRETE,26,0
39,MOTOR_DISCRETE,27,1
39,MOTOR_DISCRETE,28,1
39,MOTOR_DISCRETE,29,1
39,MOTOR_DISCRETE,30,1
39,MOTOR_DISCRETE,31,0
39,MOTOR_DISCRETE,32,1
39,MOTOR_DISCRETE,33,0
39,MOTOR_DISCRETE,34,1
39,MOTOR_DISCRETE,35,0
39,MOTOR_DISCRETE,36,1
39,MOTOR_DISCRETE,37,0
39,MOTOR_DISCRETE,38,1
39,MOTOR_DISCRETE,39,0
39,MOTOR_DISCRETE,40,0
39,MOTOR_DISCRETE,41,1
39,MOTOR_DISCRETE,42,1
39,MOTOR_DISCRETE,43,1
39,MOTOR_DISCRETE,44,1
39,MOTOR_DISCRETE,45,0
39,MOTOR_DISCRETE,46,0
39,MOTOR_DISCRETE,47,1
39,MOTOR_DISCRETE,48,0
39,MOTOR_DISCRETE,49,1
39,MOTOR_DISCRETE,50,1
39,MOTOR_DISCRETE,51,1
39,MOTOR_DISCRETE,52,1
39,MOTOR_DISCRETE,53,1
39,MOTOR_DISCRETE,54,1
39,MOTOR_DISCRETE,55,1
39,MOTOR_DISCRETE,56,0
39,MOTOR_DISCRETE,57,1
39,MOTOR_DISCRETE,58,1
39,MOTOR_DISCRETE,59,1
39,MOTOR_DISCRETE,60,0
39,MOTOR_DISCRETE,61,1
39,MOTOR_DISCRETE,62,1
39,MOTOR_DISCRETE,63,0
39,MOTOR_DISCRETE,64,1
39,MOTOR_DISCRETE,65,0
39,MOTOR_DISCRETE,66,1
39,MOTOR_DISCRETE,67,0
39,MOTOR_DISCRETE,68,1
39,MOTOR_DISCRETE,69,0
39,MOTOR_DISCRETE,70,1
39,MOTOR_DISCRETE,71,0
39,MOTOR_DISCRETE,72,1
39,MOTOR_DISCRETE,73,1
39,MOTOR_DISCRETE,74,0
39,MOTOR_DISCRETE,75,1
39,MOTOR_DISCRETE,76,1
39,MOTOR_DISCRETE,77,0
39,MOTOR_DISCRETE,78,1
39,MOTOR_DISCRETE,79,0
39,MOTOR_DISCRETE,80,0
39,MOTOR_DISCRETE,81,1
39,MOTOR_DISCRETE,82,0
39,MOTOR_DISCRETE,83,1
39,MOTOR_DISCRETE,84,1
39,MOTOR_DISCRETE,85,0
39,MOTOR_DISCRETE,86,1
39,MOTOR_DISCRETE,87,1
39,MOTOR_DISCRETE,88,0
39,MOTOR_DISCRETE,89,1
39,MOTOR_DISCRETE,90,0
39,MOTOR_DISCRETE,91,0
39,MOTOR_DISCRETE,92,0
39,MOTOR_DISCRETE,93,1
39,MOTOR_DISCRETE,94,0
39,MOTOR_DISCRETE,95,0
39,MOTOR_DISCRETE,96,1
39,MOTOR_DISCRETE,97,1
39,MOTOR_DISCRETE,98,1
39,MOTOR_DISCRETE,99,0
39,MOTOR_DISCRETE,100,1
40,SPEAKER_CONT,1,0
40,SPEAKER_CONT,2,1
40,SPEAKER_CONT,3,0
40,SPEAKER_CONT,4,0
40,SPEAKER_CONT,5,1
40,SPEAKER_CONT,6,1
40,SPEAKER_CONT,7,1
40,SPEAKER_CONT,8,0
40,SPEAKER_CONT,9,1
40,SPEAKER_CONT,10,1
40,SPEAKER_CONT,11,0
40,SPEAKER_CONT,12,1
40,SPEAKER_CONT,13,0
40,SPEAKER_CONT,14,1
40,SPEAKER_CONT,15,1
40,SPEAKER_CONT,16,0
40,SPEAKER_CONT,17,0
40,SPEAKER_CONT,18,1
40,SPEAKER_CONT,19,1
40,SPEAKER_CONT,20,1
40,SPEAKER_CONT,21,1
40,SPEAKER_CONT,22,0
40,SPEAKER_CONT,23,1
40,SPEAKER_CONT,24,1
40,SPEAKER_CONT,25,1
40,SPEAKER_CONT,26,0
40,SPEAKER_CONT,27,1
40,SPEAKER_CONT,28,1
40,SPEAKER_CONT,29,1
40,SPEAKER_CONT,30,0
40,SPEAKER_CONT,31,0
40,SPEAKER_CONT,32,1
40,SPEAKER_CONT,33,1
40,SPEAKER_CONT,34,1
40,SPEAKER_CONT,35,0
40,SPEAKER_CONT,36,0
40,SPEAKER_CONT,37,1
40,SPEAKER_CONT,38,0
40,SPEAKER_CONT,39,1
40,SPEAKER_CONT,40,0
40,SPEAKER_CONT,41,0
40,SPEAKER_CONT,42,1
40,SPEAKER_CONT,43,1
40,SPEAKER_CONT,44,1
40,SPEAKER_CONT,45,1
40,SPEAKER_CONT,46,1
40,SPEAKER_CONT,47,0
40,SPEAKER_CONT,48,1
40,SPEAKER_CONT,49,1
40,SPEAKER_CONT,50,0
40,SPEAKER_CONT,51,1
40,SPEAKER_CONT,52,0
40,SPEAKER_CONT,53,0
40,SPEAKER_CONT,54,1
40,SPEAKER_CONT,55,0
40,SPEAKER_CONT,56,1
40,SPEAKER_CONT,57,0
40,SPEAKER_CONT,58,1
40,SPEAKER_CONT,59,1
40,SPEAKER_CONT,60,0
40,SPEAKER_CONT,61,0
40,SPEAKER_CONT,62,0
40,SPEAKER_CONT,63,1
40,SPEAKER_CONT,64,1
40,SPEAKER_CONT,65,0
40,SPEAKER_CONT,66,1
40,SPEAKER_CONT,67,0
40,SPEAKER_CONT,68,1
40,SPEAKER_CONT,69,1
40,SPEAKER_CONT,70,1
40,SPEAKER_CONT,71,1
40,SPEAKER_CONT,72,0
40,SPEAKER_CONT,73,0
40,SPEAKER_CONT,74,1
40,SPEAKER_CONT,75,0
40,SPEAKER_CONT,76,0
40,SPEAKER_CONT,77,1
40,SPEAKER_CONT,78,0
40,SPEAKER_CONT,79,1
40,SPEAKER_CONT,80,1
40,SPEAKER_CONT,81,0
40,SPEAKER_CONT,82,0
40,SPEAKER_CONT,83,1
40,SPEAKER_CONT,84,1
40,SPEAKER_CONT,85,1
40,SPEAKER_CONT,86,0
40,SPEAKER_CONT,87,0
40,SPEAKER_CONT,88,0
40,SPEAKER_CONT,89,1
40,SPEAKER_CONT,90,0
40,SPEAKER_CONT,91,1
40,SPEAKER_CONT,92,1
40,SPEAKER_CONT,93,1
40,SPEAKER_CONT,94,1
40,SPEAKER_CONT,95,0
40,SPEAKER_CONT,96,0
40,SPEAKER_CONT,97,0
40,SPEAKER_CONT,98,0
40,SPEAKER_CONT,99,0
40,SPEAKER_CONT,100,0
41,SPEAKER_CONT,1,1
41,SPEAKER_CONT,2,0
41,SPEAKER_CONT,3,0
41,SPEAKER_CONT,4,1
41,SPEAKER_CONT,5,0
41,SPEAKER_CONT,6,0
41,SPEAKER_CONT,7,1
41,SPEAKER_CONT,8,0
41,SPEAKER_CONT,9,0
41,SPEAKER_CONT,10,1
41,SPEAKER_CONT,11,0
41,SPEAKER_CONT,12,0
41,SPEAKER_CONT,13,1
41,SPEAKER_CONT,14,0
41,SPEAKER_CONT,15,0
41,SPEAKER_CONT,16,1
41,SPEAKER_CONT,17,1
41,SPEAKER_CONT,18,1
41,SPEAKER_CONT,19,0
41,SPEAKER_CONT,20,1
41,SPEAKER_CONT,21,1
41,SPEAKER_CONT,22,1
41,SPEAKER_CONT,23,1
41,SPEAKER_CONT,24,0
41,SPEAKER_CONT,25,0
41,SPEAKER_CONT,26,1
41,SPEAKER_CONT,27,0
41,SPEAKER_CONT,28,0
41,SPEAKER_CONT,29,1
41,SPEAKER_CONT,30,0
41,SPEAKER_CONT,31,0
41,SPEAKER_CONT,32,0
41,SPEAKER_CONT,33,0
41,SPEAKER_CONT,34,1
41,SPEAKER_CONT,35,0
41,SPEAKER_CONT,36,1
41,SPEAKER_CONT,37,0
41,SPEAKER_CONT,38,1
41,SPEAKER_CONT,39,0
41,SPEAKER_CONT,40,1
41,SPEAKER_CONT,41,1
41,SPEAKER_CONT,42,0
41,SPEAKER_CONT,43,0
41,SPEAKER_CONT,44,1
41,SPEAKER_CONT,45,0
41,SPEAKER_CONT,46,1
41,SPEAKER_CONT,47,0
41,SPEAKER_CONT,48,1
41,SPEAKER_CONT,49,0
41,SPEAKER_CONT,50,0
41,SPEAKER_CONT,51,0
41,SPEAKER_CONT,52,0
41,SPEAKER_CONT,53,1
41,SPEAKER_CONT,54,1
41,SPEAKER_CONT,55,0
41,SPEAKER_CONT,56,1
41,SPEAKER_CONT,57,1
41,SPEAKER_CONT,58,0
41,SPEAKER_CONT,59,1
41,SPEAKER_CONT,60,1
41,SPEAKER_CONT,61,1
41,SPEAKER_CONT,62,1
41,SPEAKER_CONT,63,1
41,SPEAKER_CONT,64,0
41,SPEAKER_CONT,65,0
41,SPEAKER_CONT,66,0
41,SPEAKER_CONT,67,0
41,SPEAKER_CONT,68,0
41,SPEAKER_CONT,69,0
41,SPEAKER_CONT,70,1
41,SPEAKER_CONT,71,1
41,SPEAKER_CONT,72,0
41,SPEAKER_CONT,73,0
41,SPEAKER_CONT,74,0
41,SPEAKER_CONT,75,1
41,SPEAKER_CONT,76,1
41,SPEAKER_CONT,77,1
41,SPEAKER_CONT,78,0
41,SPEAKER_CONT,79,1
41,SPEAKER_CONT,80,0
41,SPEAKER_CONT,81,1
41,SPEAKER_CONT,82,1
41,SPEAKER_CONT,83,1
41,SPEAKER_CONT,84,1
41,SPEAKER_CONT,85,1
41,SPEAKER_CONT,86,0
41,SPEAKER_CONT,87,0
41,SPEAKER_CONT,88,1
41,SPEAKER_CONT,89,1
41,SPEAKER_CONT,90,0
41,SPEAKER_CONT,91,1
41,SPEAKER_CONT,92,1
41,SPEAKER_CONT,93,1
41,SPEAKER_CONT,94,0
41,SPEAKER_CONT,95,0
41,SPEAKER_CONT,96,1
41,SPEAKER_CONT,97,0
41,SPEAKER_CONT,98,1
41,SPEAKER_CONT,99,0
41,SPEAKER_CONT,100,0
42,SPEAKER_CONT,1,1
42,SPEAKER_CONT,2,1
42,SPEAKER_CONT,3,0
42,SPEAKER_CONT,4,1
42,SPEAKER_CONT,5,0
42,SPEAKER_CONT,6,1
42,SPEAKER_CONT,7,1
42,SPEAKER_CONT,8,0
42,SPEAKER_CONT,9,0
42,SPEAKER_CONT,10,1
42,SPEAKER_CONT,11,1
42,SPEAKER_CONT,12,0
42,SPEAKER_CONT,13,0
42,SPEAKER_CONT,14,0
42,SPEAKER_CONT,15,0
42,SPEAKER_CONT,16,1
42,SPEAKER_CONT,17,1
42,SPEAKER_CONT,18,0
42,SPEAKER_CONT,19,1
42,SPEAKER_CONT,20,1
42,SPEAKER_CONT,21,0
42,SPEAKER_CONT,22,1
42,SPEAKER_CONT,23,1
42,SPEAKER_CONT,24,0
42,SPEAKER_CONT,25,0
42,SPEAKER_CONT,26,1
42,SPEAKER_CONT,27,0
42,SPEAKER_CONT,28,0
42,SPEAKER_CONT,29,1
42,SPEAKER_CONT,30,0
42,SPEAKER_CONT,31,1
42,SPEAKER_CONT,32,1
42,SPEAKER_CONT,33,1
42,SPEAKER_CONT,34,1
42,SPEAKER_CONT,35,1
42,SPEAKER_CONT,36,0
42,SPEAKER_CONT,37,0
42,SPEAKER_CONT,38,0
42,SPEAKER_CONT,39,0
42,SPEAKER_CONT,40,1
42,SPEAKER_CONT,41,1
42,SPEAKER_CONT,42,1
42,SPEAKER_CONT,43,1
42,SPEAKER_CONT,44,0
42,SPEAKER_CONT,45,1
42,SPEAKER_CONT,46,0
42,SPEAKER_CONT,47,0
42,SPEAKER_CONT,48,1
42,SPEAKER_CONT,49,1
42,SPEAKER_CONT,50,1
42,SPEAKER_CONT,51,0
42,SPEAKER_CONT,52,0
42,SPEAKER_CONT,53,0
42,SPEAKER_CONT,54,0
42,SPEAKER_CONT,55,1
42,SPEAKER_CONT,56,1
42,SPEAKER_CONT,57,1
42,SPEAKER_CONT,58,0
42,SPEAKER_CONT,59,0
42,SPEAKER_CONT,60,0
42,SPEAKER_CONT,61,1
42,SPEAKER_CONT,62,0
42,SPEAKER_CONT,63,0
42,SPEAKER_CONT,64,0
42,SPEAKER_CONT,65,0
42,SPEAKER_CONT,66,1
42,SPEAKER_CONT,67,1
42,SPEAKER_CONT,68,0
42,SPEAKER_CONT,69,1
42,SPEAKER_CONT,70,0
42,SPEAKER_CONT,71,0
42,SPEAKER_CONT,72,0
42,SPEAKER_CONT,73,0
42,SPEAKER_CONT,74,1
42,SPEAKER_CONT,75,1
42,SPEAKER_CONT,76,1
42,SPEAKER_CONT,77,0
42,SPEAKER_CONT,78,1
42,SPEAKER_CONT,79,1
42,SPEAKER_CONT,80,1
42,SPEAKER_CONT,81,1
42,SPEAKER_CONT,82,0
42,SPEAKER_CONT,83,0
42,SPEAKER_CONT,84,1
42,SPEAKER_CONT,85,1
42,SPEAKER_CONT,86,1
42,SPEAKER_CONT,87,1
42,SPEAKER_CONT,88,1
42,SPEAKER_CONT,89,1
42,SPEAKER_CONT,90,0
42,SPEAKER_CONT,91,0
42,SPEAKER_CONT,92,1
42,SPEAKER_CONT,93,1
42,SPEAKER_CONT,94,1
42,SPEAKER_CONT,95,0
42,SPEAKER_CONT,96,0
42,SPEAKER_CONT,97,0
42,SPEAKER_CONT,98,1
42,SPEAKER_CONT,99,1
42,SPEAKER_CONT,100,0
43,SPEAKER_CONT,1,1
43,SPEAKER_CONT,2,1
43,SPEAKER_CONT,3,0
43,SPEAKER_CONT,4,1
43,SPEAKER_CONT,5,0
43,SPEAKER_CONT,6,1
43,SPEAKER_CONT,7,0
43,SPEAKER_CONT,8,0
43,SPEAKER_CONT,9,1
43,SPEAKER_CONT,10,0
43,SPEAKER_CONT,11,0
43,SPEAKER_CONT,12,1
43,SPEAKER_CONT,13,1
43,SPEAKER_CONT,14,0
43,SPEAKER_CONT,15,1
43,SPEAKER_CONT,16,0
43,SPEAKER_CONT,17,1
43,SPEAKER_CONT,18,0
43,SPEAKER_CONT,19,1
43,SPEAKER_CONT,20,1
43,SPEAKER_CONT,21,0
43,SPEAKER_CONT,22,1
43,SPEAKER_CONT,23,1
43,SPEAKER_CONT,24,1
43,SPEAKER_CONT,25,0
43,SPEAKER_CONT,26,0
43,SPEAKER_CONT,27,1
43,SPEAKER_CONT,28,0
43,SPEAKER_CONT,29,1
43,SPEAKER_CONT,30,1
43,SPEAKER_CONT,31,0
43,SPEAKER_CONT,32,0
43,SPEAKER_CONT,33,0
43,SPEAKER_CONT,34,1
43,SPEAKER_CONT,35,0
43,SPEAKER_CONT,36,1
43,SPEAKER_CONT,37,0
43,SPEAKER_CONT,38,1
43,SPEAKER_CONT,39,0
43,SPEAKER_CONT,40,0
43,SPEAKER_CONT,41,0
43,SPEAKER_CONT,42,0
43,SPEAKER_CONT,43,0
43,SPEAKER_CONT,44,0
43,SPEAKER_CONT,45,1
43,SPEAKER_CONT,46,0
43,SPEAKER_CONT,47,0
43,SPEAKER_CONT,48,1
43,SPEAKER_CONT,49,0
43,SPEAKER_CONT,50,1
43,SPEAKER_CONT,51,1
43,SPEAKER_CONT,52,0
43,SPEAKER_CONT,53,0
43,SPEAKER_CONT,54,1
43,SPEAKER_CONT,55,1
43,SPEAKER_CONT,56,0
43,SPEAKER_CONT,57,1
43,SPEAKER_CONT,58,0
43,SPEAKER_CONT,59,1
43,SPEAKER_CONT,60,1
43,SPEAKER_CONT,61,1
43,SPEAKER_CONT,62,0
43,SPEAKER_CONT,63,0
43,SPEAKER_CONT,64,0
43,SPEAKER_CONT,65,0
43,SPEAKER_CONT,66,1
43,SPEAKER_CONT,67,1
43,SPEAKER_CONT,68,0
43,SPEAKER_CONT,69,1
43,SPEAKER_CONT,70,1
43,SPEAKER_CONT,71,1
43,SPEAKER_CONT,72,0
43,SPEAKER_CONT,73,1
43,SPEAKER_CONT,74,1
43,SPEAKER_CONT,75,0
43,SPEAKER_CONT,76,0
43,SPEAKER_CONT,77,1
43,SPEAKER_CONT,78,0
43,SPEAKER_CONT,79,1
43,SPEAKER_CONT,80,1
43,SPEAKER_CONT,81,1
43,SPEAKER_CONT,82,1
43,SPEAKER_CONT,83,0
43,SPEAKER_CONT,84,1
43,SPEAKER_CONT,85,0
43,SPEAKER_CONT,86,0
43,SPEAKER_CONT,87,1
43,SPEAKER_CONT,88,1
43,SPEAKER_CONT,89,0
43,SPEAKER_CONT,90,1
43,SPEAKER_CONT,91,0
43,SPEAKER_CONT,92,1
43,SPEAKER_CONT,93,1
43,SPEAKER_CONT,94,0
43,SPEAKER_CONT,95,1
43,SPEAKER_CONT,96,1
43,SPEAKER_CONT,97,1
43,SPEAKER_CONT,98,0
43,SPEAKER_CONT,99,1
43,SPEAKER_CONT,100,0
44,SPEAKER_CONT,1,1
44,SPEAKER_CONT,2,1
44,SPEAKER_CONT,3,0
44,SPEAKER_CONT,4,0
44,SPEAKER_CONT,5,0
44,SPEAKER_CONT,6,1
44,SPEAKER_CONT,7,0
44,SPEAKER_CONT,8,0
44,SPEAKER_CONT,9,1
44,SPEAKER_CONT,10,0
44,SPEAKER_CONT,11,0
44,SPEAKER_CONT,12,1
44,SPEAKER_CONT,13,1
44,SPEAKER_CONT,14,0
44,SPEAKER_CONT,15,1
44,SPEAKER_CONT,16,0
44,SPEAKER_CONT,17,0
44,SPEAKER_CONT,18,0
44,SPEAKER_CONT,19,1
44,SPEAKER_CONT,20,1
44,SPEAKER_CONT,21,1
44,SPEAKER_CONT,22,1
44,SPEAKER_CONT,23,1
44,SPEAKER_CONT,24,1
44,SPEAKER_CONT,25,0
44,SPEAKER_CONT,26,0
44,SPEAKER_CONT,27,1
44,SPEAKER_CONT,28,0
44,SPEAKER_CONT,29,0
44,SPEAKER_CONT,30,0
44,SPEAKER_CONT,31,0
44,SPEAKER_CONT,32,0
44,SPEAKER_CONT,33,0
44,SPEAKER_CONT,34,1
44,SPEAKER_CONT,35,1
44,SPEAKER_CONT,36,0
44,SPEAKER_CONT,37,0
44,SPEAKER_CONT,38,1
44,SPEAKER_CONT,39,1
44,SPEAKER_CONT,40,0
44,SPEAKER_CONT,41,0
44,SPEAKER_CONT,42,0
44,SPEAKER_CONT,43,0
44,SPEAKER_CONT,44,1
44,SPEAKER_CONT,45,0
44,SPEAKER_CONT,46,0
44,SPEAKER_CONT,47,0
44,SPEAKER_CONT,48,1
44,SPEAKER_CONT,49,1
44,SPEAKER_CONT,50,1
44,SPEAKER_CONT,51,0
44,SPEAKER_CONT,52,1
44,SPEAKER_CONT,53,0
44,SPEAKER_CONT,54,1
44,SPEAKER_CONT,55,0
44,SPEAKER_CONT,56,1
44,SPEAKER_CONT,57,1
44,SPEAKER_CONT,58,0
44,SPEAKER_CONT,59,1
44,SPEAKER_CONT,60,1
44,SPEAKER_CONT,61,0
44,SPEAKER_CONT,62,1
44,SPEAKER_CONT,63,0
44,SPEAKER_CONT,64,1
44,SPEAKER_CONT,65,0
44,SPEAKER_CONT,66,0
44,SPEAKER_CONT,67,1
44,SPEAKER_CONT,68,0
44,SPEAKER_CONT,69,0
44,SPEAKER_CONT,70,0
44,SPEAKER_CONT,71,1
44,SPEAKER_CONT,72,0
44,SPEAKER_CONT,73,1
44,SPEAKER_CONT,74,0
44,SPEAKER_CONT,75,1
44,SPEAKER_CONT,76,0
44,SPEAKER_CONT,77,0
44,SPEAKER_CONT,78,0
44,SPEAKER_CONT,79,1
44,SPEAKER_CONT,80,1
44,SPEAKER_CONT,81,1
44,SPEAKER_CONT,82,1
44,SPEAKER_CONT,83,0
44,SPEAKER_CONT,84,1
44,SPEAKER_CONT,85,0
44,SPEAKER_CONT,86,0
44,SPEAKER_CONT,87,1
44,SPEAKER_CONT,88,0
44,SPEAKER_CONT,89,1
44,SPEAKER_CONT,90,0
44,SPEAKER_CONT,91,0
44,SPEAKER_CONT,92,0
44,SPEAKER_CONT,93,1
44,SPEAKER_CONT,94,1
44,SPEAKER_CONT,95,1
44,SPEAKER_CONT,96,0
44,SPEAKER_CONT,97,1
44,SPEAKER_CONT,98,0
44,SPEAKER_CONT,99,0
44,SPEAKER_CONT,100,1
45,SPEAKER_CONT,1,0
45,SPEAKER_CONT,2,1
45,SPEAKER_CONT,3,1
45,SPEAKER_CONT,4,1
45,SPEAKER_CONT,5,0
45,SPEAKER_CONT,6,1
45,SPEAKER_CONT,7,1
45,SPEAKER_CONT,8,0
45,SPEAKER_CONT,9,0
45,SPEAKER_CONT,10,1
45,SPEAKER_CONT,11,1
45,SPEAKER_CONT,12,1
45,SPEAKER_CONT,13,0
45,SPEAKER_CONT,14,1
45,SPEAKER_CONT,15,1
45,SPEAKER_CONT,16,1
45,SPEAKER_CONT,17,1
45,SPEAKER_CONT,18,0
45,SPEAKER_CONT,19,1
45,SPEAKER_CONT,20,0
45,SPEAKER_CONT,21,1
45,SPEAKER_CONT,22,0
45,SPEAKER_CONT,23,1
45,SPEAKER_CONT,24,0
45,SPEAKER_CONT,25,1
45,SPEAKER_CONT,26,1
45,SPEAKER_CONT,27,1
45,SPEAKER_CONT,28,1
45,SPEAKER_CONT,29,1
45,SPEAKER_CONT,30,1
45,SPEAKER_CONT,31,0
45,SPEAKER_CONT,32,1
45,SPEAKER_CONT,33,0
45,SPEAKER_CONT,34,1
45,SPEAKER_CONT,35,0
45,SPEAKER_CONT,36,1
45,SPEAKER_CONT,37,0
45,SPEAKER_CONT,38,1
45,SPEAKER_CONT,39,1
45,SPEAKER_CONT,40,0
45,SPEAKER_CONT,41,1
45,SPEAKER_CONT,42,1
45,SPEAKER_CONT,43,1
45,SPEAKER_CONT,44,0
45,SPEAKER_CONT,45,0
45,SPEAKER_CONT,46,1
45,SPEAKER_CONT,47,0
45,SPEAKER_CONT,48,1
45,SPEAKER_CONT,49,0
45,SPEAKER_CONT,50,0
45,SPEAKER_CONT,51,0
45,SPEAKER_CONT,52,0
45,SPEAKER_CONT,53,0
45,SPEAKER_CONT,54,1
45,SPEAKER_CONT,55,1
45,SPEAKER_CONT,56,0
45,SPEAKER_CONT,57,1
45,SPEAKER_CONT,58,1
45,SPEAKER_CONT,59,0
45,SPEAKER_CONT,60,0
45,SPEAKER_CONT,61,0
45,SPEAKER_CONT,62,1
45,SPEAKER_CONT,63,1
45,SPEAKER_CONT,64,0
45,SPEAKER_CONT,65,0
45,SPEAKER_CONT,66,1
45,SPEAKER_CONT,67,0
45,SPEAKER_CONT,68,1
45,SPEAKER_CONT,69,0
45,SPEAKER_CONT,70,1
45,SPEAKER_CONT,71,0
45,SPEAKER_CONT,72,0
45,SPEAKER_CONT,73,1
45,SPEAKER_CONT,74,0
45,SPEAKER_CONT,75,1
45,SPEAKER_CONT,76,0
45,SPEAKER_CONT,77,0
45,SPEAKER_CONT,78,1
45,SPEAKER_CONT,79,0
45,SPEAKER_CONT,80,0
45,SPEAKER_CONT,81,1
45,SPEAKER_CONT,82,0
45,SPEAKER_CONT,83,1
45,SPEAKER_CONT,84,0
45,SPEAKER_CONT,85,0
45,SPEAKER_CONT,86,0
45,SPEAKER_CONT,87,1
45,SPEAKER_CONT,88,1
45,SPEAKER_CONT,89,0
45,SPEAKER_CONT,90,0
45,SPEAKER_CONT,91,0
45,SPEAKER_CONT,92,1
45,SPEAKER_CONT,93,0
45,SPEAKER_CONT,94,0
45,SPEAKER_CONT,95,1
45,SPEAKER_CONT,96,1
45,SPEAKER_CONT,97,0
45,SPEAKER_CONT,98,1
45,SPEAKER_CONT,99,0
45,SPEAKER_CONT,100,1
46,SPEAKER_CONT,1,0
46,SPEAKER_CONT,2,0
46,SPEAKER_CONT,3,1
46,SPEAKER_CONT,4,1
46,SPEAKER_CONT,5,0
46,SPEAKER_CONT,6,1
46,SPEAKER_CONT,7,0
46,SPEAKER_CONT,8,1
46,SPEAKER_CONT,9,0
46,SPEAKER_CONT,10,1
46,SPEAKER_CONT,11,0
46,SPEAKER_CONT,12,1
46,SPEAKER_CONT,13,0
46,SPEAKER_CONT,14,1
46,SPEAKER_CONT,15,0
46,SPEAKER_CONT,16,0
46,SPEAKER_CONT,17,1
46,SPEAKER_CONT,18,0
46,SPEAKER_CONT,19,0
46,SPEAKER_CONT,20,0
46,SPEAKER_CONT,21,1
46,SPEAKER_CONT,22,0
46,SPEAKER_CONT,23,1
46,SPEAKER_CONT,24,0
46,SPEAKER_CONT,25,0
46,SPEAKER_CONT,26,1
46,SPEAKER_CONT,27,0
46,SPEAKER_CONT,28,1
46,SPEAKER_CONT,29,0
46,SPEAKER_CONT,30,0
46,SPEAKER_CONT,31,0
46,SPEAKER_CONT,32,1
46,SPEAKER_CONT,33,0
46,SPEAKER_CONT,34,0
46,SPEAKER_CONT,35,1
46,SPEAKER_CONT,36,1
46,SPEAKER_CONT,37,1
46,SPEAKER_CONT,38,1
46,SPEAKER_CONT,39,0
46,SPEAKER_CONT,40,1
46,SPEAKER_CONT,41,0
46,SPEAKER_CONT,42,1
46,SPEAKER_CONT,43,0
46,SPEAKER_CONT,44,1
46,SPEAKER_CONT,45,0
46,SPEAKER_CONT,46,0
46,SPEAKER_CONT,47,0
46,SPEAKER_CONT,48,1
46,SPEAKER_CONT,49,1
46,SPEAKER_CONT,50,1
46,SPEAKER_CONT,51,0
46,SPEAKER_CONT,52,0
46,SPEAKER_CONT,53,1
46,SPEAKER_CONT,54,1
46,SPEAKER_CONT,55,1
46,SPEAKER_CONT,56,1
46,SPEAKER_CONT,57,1
46,SPEAKER_CONT,58,1
46,SPEAKER_CONT,59,1
46,SPEAKER_CONT,60,0
46,SPEAKER_CONT,61,0
46,SPEAKER_CONT,62,0
46,SPEAKER_CONT,63,1
46,SPEAKER_CONT,64,1
46,SPEAKER_CONT,65,0
46,SPEAKER_CONT,66,0
46,SPEAKER_CONT,67,1
46,SPEAKER_CONT,68,1
46,SPEAKER_CONT,69,0
46,SPEAKER_CONT,70,1
46,SPEAKER_CONT,71,1
46,SPEAKER_CONT,72,1
46,SPEAKER_CONT,73,0
46,SPEAKER_CONT,74,1
46,SPEAKER_CONT,75,1
46,SPEAKER_CONT,76,0
46,SPEAKER_CONT,77,0
46,SPEAKER_CONT,78,0
46,SPEAKER_CONT,79,0
46,SPEAKER_CONT,80,0
46,SPEAKER_CONT,81,0
46,SPEAKER_CONT,82,0
46,SPEAKER_CONT,83,0
46,SPEAKER_CONT,84,0
46,SPEAKER_CONT,85,0
46,SPEAKER_CONT,86,0
46,SPEAKER_CONT,87,0
46,SPEAKER_CONT,88,1
46,SPEAKER_CONT,89,1
46,SPEAKER_CONT,90,1
46,SPEAKER_CONT,91,1
46,SPEAKER_CONT,92,0
46,SPEAKER_CONT,93,0
46,SPEAKER_CONT,94,1
46,SPEAKER_CONT,95,0
46,SPEAKER_CONT,96,1
46,SPEAKER_CONT,97,1
46,SPEAKER_CONT,98,1
46,SPEAKER_CONT,99,0
46,SPEAKER_CONT,100,1
47,SPEAKER_CONT,1,1
47,SPEAKER_CONT,2,1
47,SPEAKER_CONT,3,0
47,SPEAKER_CONT,4,0
47,SPEAKER_CONT,5,0
47,SPEAKER_CONT,6,1
47,SPEAKER_CONT,7,1
47,SPEAKER_CONT,8,0
47,SPEAKER_CONT,9,1
47,SPEAKER_CONT,10,1
47,SPEAKER_CONT,11,0
47,SPEAKER_CONT,12,0
47,SPEAKER_CONT,13,1
47,SPEAKER_CONT,14,1
47,SPEAKER_CONT,15,1
47,SPEAKER_CONT,16,1
47,SPEAKER_CONT,17,0
47,SPEAKER_CONT,18,1
47,SPEAKER_CONT,19,1
47,SPEAKER_CONT,20,1
47,SPEAKER_CONT,21,0
47,SPEAKER_CONT,22,1
47,SPEAKER_CONT,23,1
47,SPEAKER_CONT,24,0
47,SPEAKER_CONT,25,0
47,SPEAKER_CONT,26,0
47,SPEAKER_CONT,27,0
47,SPEAKER_CONT,28,0
47,SPEAKER_CONT,29,1
47,SPEAKER_CONT,30,1
47,SPEAKER_CONT,31,0
47,SPEAKER_CONT,32,0
47,SPEAKER_CONT,33,0
47,SPEAKER_CONT,34,0
47,SPEAKER_CONT,35,0
47,SPEAKER_CONT,36,0
47,SPEAKER_CONT,37,1
47,SPEAKER_CONT,38,0
47,SPEAKER_CONT,39,1
47,SPEAKER_CONT,40,0
47,SPEAKER_CONT,41,1
47,SPEAKER_CONT,42,1
47,SPEAKER_CONT,43,0
47,SPEAKER_CONT,44,0
47,SPEAKER_CONT,45,1
47,SPEAKER_CONT,46,1
47,SPEAKER_CONT,47,1
47,SPEAKER_CONT,48,0
47,SPEAKER_CONT,49,1
47,SPEAKER_CONT,50,0
47,SPEAKER_CONT,51,0
47,SPEAKER_CONT,52,0
47,SPEAKER_CONT,53,0
47,SPEAKER_CONT,54,0
47,SPEAKER_CONT,55,1
47,SPEAKER_CONT,56,0
47,SPEAKER_CONT,57,1
47,SPEAKER_CONT,58,1
47,SPEAKER_CONT,59,1
47,SPEAKER_CONT,60,0
47,SPEAKER_CONT,61,1
47,SPEAKER_CONT,62,1
47,SPEAKER_CONT,63,1
47,SPEAKER_CONT,64,0
47,SPEAKER_CONT,65,1
47,SPEAKER_CONT,66,1
47,SPEAKER_CONT,67,1
47,SPEAKER_CONT,68,1
47,SPEAKER_CONT,69,0
47,SPEAKER_CONT,70,0
47,SPEAKER_CONT,71,0
47,SPEAKER_CONT,72,0
47,SPEAKER_CONT,73,0
47,SPEAKER_CONT,74,1
47,SPEAKER_CONT,75,1
47,SPEAKER_CONT,76,1
47,SPEAKER_CONT,77,0
47,SPEAKER_CONT,78,1
47,SPEAKER_CONT,79,0
47,SPEAKER_CONT,80,0
47,SPEAKER_CONT,81,1
47,SPEAKER_CONT,82,0
47,SPEAKER_CONT,83,0
47,SPEAKER_CONT,84,0
47,SPEAKER_CONT,85,1
47,SPEAKER_CONT,86,0
47,SPEAKER_CONT,87,1
47,SPEAKER_CONT,88,0
47,SPEAKER_CONT,89,1
47,SPEAKER_CONT,90,1
47,SPEAKER_CONT,91,1
47,SPEAKER_CONT,92,1
47,SPEAKER_CONT,93,0
47,SPEAKER_CONT,94,1
47,SPEAKER_CONT,95,0
47,SPEAKER_CONT,96,1
47,SPEAKER_CONT,97,0
47,SPEAKER_CONT,98,1
47,SPEAKER_CONT,99,0
47,SPEAKER_CONT,100,0
48,SPEAKER_CONT,1,0
48,SPEAKER_CONT,2,0
48,SPEAKER_CONT,3,1
48,SPEAKER_CONT,4,0
48,SPEAKER_CONT,5,1
48,SPEAKER_CONT,6,0
48,SPEAKER_CONT,7,0
48,SPEAKER_CONT,8,0
48,SPEAKER_CONT,9,0
48,SPEAKER_CONT,10,0
48,SPEAKER_CONT,11,0
48,SPEAKER_CONT,12,0
48,SPEAKER_CONT,13,1
48,SPEAKER_CONT,14,1
48,SPEAKER_CONT,15,1
48,SPEAKER_CONT,16,1
48,SPEAKER_CONT,17,1
48,SPEAKER_CONT,18,0
48,SPEAKER_CONT,19,0
48,SPEAKER_CONT,20,0
48,SPEAKER_CONT,21,1
48,SPEAKER_CONT,22,0
48,SPEAKER_CONT,23,0
48,SPEAKER_CONT,24,1
48,SPEAKER_CONT,25,0
48,SPEAKER_CONT,26,1
48,SPEAKER_CONT,27,1
48,SPEAKER_CONT,28,0
48,SPEAKER_CONT,29,1
48,SPEAKER_CONT,30,1
48,SPEAKER_CONT,31,1
48,SPEAKER_CONT,32,0
48,SPEAKER_CONT,33,0
48,SPEAKER_CONT,34,0
48,SPEAKER_CONT,35,0
48,SPEAKER_CONT,36,1
48,SPEAKER_CONT,37,0
48,SPEAKER_CONT,38,0
48,SPEAKER_CONT,39,1
48,SPEAKER_CONT,40,0
48,SPEAKER_CONT,41,1
48,SPEAKER_CONT,42,0
48,SPEAKER_CONT,43,0
48,SPEAKER_CONT,44,0
48,SPEAKER_CONT,45,1
48,SPEAKER_CONT,46,1
48,SPEAKER_CONT,47,0
48,SPEAKER_CONT,48,0
48,SPEAKER_CONT,49,0
48,SPEAKER_CONT,50,1
48,SPEAKER_CONT,51,1
48,SPEAKER_CONT,52,1
48,SPEAKER_CONT,53,1
48,SPEAKER_CONT,54,1
48,SPEAKER_CONT,55,1
48,SPEAKER_CONT,56,0
48,SPEAKER_CONT,57,1
48,SPEAKER_CONT,58,0
48,SPEAKER_CONT,59,1
48,SPEAKER_CONT,60,0
48,SPEAKER_CONT,61,1
48,SPEAKER_CONT,62,0
48,SPEAKER_CONT,63,0
48,SPEAKER_CONT,64,1
48,SPEAKER_CONT,65,1
48,SPEAKER_CONT,66,0
48,SPEAKER_CONT,67,1
48,SPEAKER_CONT,68,0
48,SPEAKER_CONT,69,0
48,SPEAKER_CONT,70,1
48,SPEAKER_CONT,71,0
48,SPEAKER_CONT,72,0
48,SPEAKER_CONT,73,0
48,SPEAKER_CONT,74,0
48,SPEAKER_CONT,75,1
48,SPEAKER_CONT,76,1
48,SPEAKER_CONT,77,0
48,SPEAKER_CONT,78,1
48,SPEAKER_CONT,79,1
48,SPEAKER_CONT,80,1
48,SPEAKER_CONT,81,1
48,SPEAKER_CONT,82,0
48,SPEAKER_CONT,83,0
48,SPEAKER_CONT,84,0
48,SPEAKER_CONT,85,1
48,SPEAKER_CONT,86,1
48,SPEAKER_CONT,87,1
48,SPEAKER_CONT,88,1
48,SPEAKER_CONT,89,1
48,SPEAKER_CONT,90,1
48,SPEAKER_CONT,91,0
48,SPEAKER_CONT,92,1
48,SPEAKER_CONT,93,0
48,SPEAKER_CONT,94,0
48,SPEAKER_CONT,95,0
48,SPEAKER_CONT,96,1
48,SPEAKER_CONT,97,1
48,SPEAKER_CONT,98,1
48,SPEAKER_CONT,99,1
48,SPEAKER_CONT,100,0
49,SPEAKER_CONT,1,1
49,SPEAKER_CONT,2,1
49,SPEAKER_CONT,3,0
49,SPEAKER_CONT,4,0
49,SPEAKER_CONT,5,1
49,SPEAKER_CONT,6,0
49,SPEAKER_CONT,7,0
49,SPEAKER_CONT,8,1
49,SPEAKER_CONT,9,0
49,SPEAKER_CONT,10,1
49,SPEAKER_CONT,11,1
49,SPEAKER_CONT,12,1
49,SPEAKER_CONT,13,0
49,SPEAKER_CONT,14,0
49,SPEAKER_CONT,15,1
49,SPEAKER_CONT,16,1
49,SPEAKER_CONT,17,1
49,SPEAKER_CONT,18,0
49,SPEAKER_CONT,19,1
49,SPEAKER_CONT,20,0
49,SPEAKER_CONT,21,0
49,SPEAKER_CONT,22,0
49,SPEAKER_CONT,23,1
49,SPEAKER_CONT,24,0
49,SPEAKER_CONT,25,1
49,SPEAKER_CONT,26,1
49,SPEAKER_CONT,27,0
49,SPEAKER_CONT,28,1
49,SPEAKER_CONT,29,1
49,SPEAKER_CONT,30,1
49,SPEAKER_CONT,31,0
49,SPEAKER_CONT,32,0
49,SPEAKER_CONT,33,0
49,SPEAKER_CONT,34,0
49,SPEAKER_CONT,35,1
49,SPEAKER_CONT,36,1
49,SPEAKER_CONT,37,0
49,SPEAKER_CONT,38,1
49,SPEAKER_CONT,39,0
49,SPEAKER_CONT,40,1
49,SPEAKER_CONT,41,0
49,SPEAKER_CONT,42,1
49,SPEAKER_CONT,43,1
49,SPEAKER_CONT,44,0
49,SPEAKER_CONT,45,1
49,SPEAKER_CONT,46,0
49,SPEAKER_CONT,47,0
49,SPEAKER_CONT,48,0
49,SPEAKER_CONT,49,0
49,SPEAKER_CONT,50,1
49,SPEAKER_CONT,51,0
49,SPEAKER_CONT,52,1
49,SPEAKER_CONT,53,0
49,SPEAKER_CONT,54,1
49,SPEAKER_CONT,55,0
49,SPEAKER_CONT,56,1
49,SPEAKER_CONT,57,1
49,SPEAKER_CONT,58,1
49,SPEAKER_CONT,59,0
49,SPEAKER_CONT,60,0
49,SPEAKER_CONT,61,1
49,SPEAKER_CONT,62,0
49,SPEAKER_CONT,63,0
49,SPEAKER_CONT,64,0
49,SPEAKER_CONT,65,1
49,SPEAKER_CONT,66,1
49,SPEAKER_CONT,67,1
49,SPEAKER_CONT,68,1
49,SPEAKER_CONT,69,0
49,SPEAKER_CONT,70,0
49,SPEAKER_CONT,71,1
49,SPEAKER_CONT,72,0
49,SPEAKER_CONT,73,0
49,SPEAKER_CONT,74,1
49,SPEAKER_CONT,75,1
49,SPEAKER_CONT,76,0
49,SPEAKER_CONT,77,0
49,SPEAKER_CONT,78,1
49,SPEAKER_CONT,79,0
49,SPEAKER_CONT,80,1
49,SPEAKER_CONT,81,0
49,SPEAKER_CONT,82,0
49,SPEAKER_CONT,83,1
49,SPEAKER_CONT,84,0
49,SPEAKER_CONT,85,1
49,SPEAKER_CONT,86,0
49,SPEAKER_CONT,87,1
49,SPEAKER_CONT,88,1
49,SPEAKER_CONT,89,0
49,SPEAKER_CONT,90,1
49,SPEAKER_CONT,91,0
49,SPEAKER_CONT,92,1
49,SPEAKER_CONT,93,0
49,SPEAKER_CONT,94,1
49,SPEAKER_CONT,95,1
49,SPEAKER_CONT,96,1
49,SPEAKER_CONT,97,0
49,SPEAKER_CONT,98,1
49,SPEAKER_CONT,99,0
49,SPEAKER_CONT,100,1
